OBS#,AGE,CHK_ACCT,SAV_ACCT,NUM_CREDITS,DURATION,HISTORY,PRESENT_RESIDENT,EMPLOYMENT,JOB,NUM_DEPENDENTS,RENT,INSTALL_RATE,GUARANTOR,OTHER_INSTALL,OWN_RES,TELEPHONE,FOREIGN,REAL_ESTATE,TYPE,AMOUNT_REQUESTED,CREDIT_EXTENDED,NPV
1,67,0,4,2,6,4,4,4,2,1,0,4,0,0,1,1,0,1,4,"1,169","1,052",243.00
2,25,1,0,1,12,2,1,1,2,1,1,3,0,0,0,0,0,0,1,"1,295","1,165",-473.00
3,48,3,0,3,9,4,4,2,2,1,0,4,0,0,1,1,0,0,1,"2,134","1,920",268.00
4,36,1,3,1,18,2,3,1,2,1,0,3,0,1,1,1,0,1,6,"1,913","1,721",416.00
5,30,3,2,1,30,2,2,4,3,1,0,4,0,1,1,0,0,0,4,"2,333","1,166",235.00
6,29,1,4,1,24,3,2,1,1,1,0,4,0,1,1,0,0,0,3,"2,333","1,866",480.00
7,27,1,0,1,9,2,1,2,2,1,0,2,0,1,1,1,0,1,6,"1,391",695,118.00
8,30,3,0,1,36,2,2,2,2,1,0,1,0,1,1,0,0,0,2,"8,133","6,506",1407.00
9,44,3,4,2,24,2,1,1,2,1,0,1,0,0,1,1,0,0,4,"5,943","5,943",-1826.00
10,56,3,0,1,12,4,4,4,2,1,0,4,0,0,1,0,0,1,4,618,556,163.00
11,41,3,1,1,24,2,4,4,1,1,1,4,0,0,0,0,0,1,1,"1,469","1,322",376.00
12,31,1,1,2,6,3,2,4,2,2,0,1,0,1,1,0,0,0,6,"1,449","1,304",252.00
13,25,0,0,2,21,2,2,2,2,1,0,3,0,0,1,1,0,1,4,"1,835",917,-508.00
14,24,1,4,1,48,2,2,3,2,1,0,1,0,0,1,0,0,0,1,"8,487","5,092",976.00
15,27,2,3,1,6,2,2,1,0,1,0,2,0,0,1,0,1,1,1,709,496,93.00
16,42,3,1,1,6,2,4,4,2,2,0,2,0,1,0,1,0,0,4,"1,346","1,076",295.00
17,36,3,1,1,24,4,4,4,2,2,0,3,0,0,1,1,0,1,4,"2,872","2,584",744.00
18,33,0,0,2,15,0,3,4,2,2,1,4,0,0,0,0,0,0,1,950,570,-188.00
19,28,3,0,2,36,3,1,1,2,1,0,1,0,0,1,0,0,0,6,"9,572","6,700",-4386.00
20,54,3,3,3,24,2,3,2,3,1,0,2,0,0,1,1,0,0,6,"4,591","4,131",-2912.00
21,52,3,2,2,9,4,2,4,2,1,0,4,0,0,1,1,0,0,5,936,842,198.00
22,33,3,4,2,9,4,2,2,2,2,0,1,0,0,1,0,0,1,4,"3,074","2,151",262.00
23,26,1,0,1,12,2,1,1,1,1,0,4,1,1,1,0,0,1,4,625,375,90.00
24,26,2,0,1,36,2,2,2,2,1,0,4,0,0,1,0,0,0,4,"4,210","2,526",-816.00
25,29,0,4,1,24,2,2,4,2,1,0,4,0,1,1,0,0,0,1,915,915,-337.00
26,39,0,3,2,6,4,4,3,1,1,0,3,0,0,1,1,0,1,1,666,466,67.00
27,27,0,0,1,12,2,2,2,2,1,0,2,0,0,1,0,0,1,3,"1,657","1,491",429.00
28,32,3,4,1,18,2,3,3,2,1,0,4,0,0,1,0,1,0,1,"2,662","1,863",485.00
29,23,3,3,2,15,4,4,4,2,1,1,3,0,0,0,1,0,0,2,"3,368","2,694",414.00
30,26,3,0,1,12,2,2,2,2,1,0,2,0,0,1,1,1,1,6,"1,076",645,114.00
31,54,3,0,1,6,2,4,0,0,1,0,1,0,0,1,1,0,1,1,672,470,116.00
32,40,1,4,1,48,2,4,0,0,1,0,3,0,1,0,1,0,0,0,"5,381","5,381",1768.00
33,28,1,0,2,30,4,2,0,3,1,0,4,0,0,1,0,0,0,1,"4,249","2,549",-1157.00
34,75,0,0,2,24,4,4,0,3,1,0,2,0,0,0,1,0,0,2,"6,615","3,307",379.00
35,24,1,0,2,24,4,4,1,2,1,0,2,0,0,0,1,0,0,5,"5,743","4,020",674.00
36,23,3,0,1,9,2,4,1,2,1,1,1,0,0,0,1,0,1,0,"1,236",741,140.00
37,61,1,4,1,18,2,4,2,2,1,0,4,0,0,0,0,0,0,5,"1,239",867,194.00
38,36,3,4,1,36,2,4,2,2,1,0,4,0,0,1,0,0,1,1,"3,079","2,771",811.00
39,39,0,4,1,20,2,4,3,2,1,0,4,0,0,1,1,0,0,3,"2,212","2,212",611.00
40,30,3,0,1,18,2,2,2,3,1,0,2,0,0,1,1,0,0,1,"1,820","1,820",542.00
41,39,3,0,1,18,2,4,1,2,1,0,3,0,0,1,1,0,1,4,"1,473","1,473",430.00
42,20,1,0,1,24,2,4,4,2,1,0,4,0,0,1,1,0,0,4,"1,967","1,376",301.00
43,20,3,3,1,15,2,3,3,2,1,1,2,0,0,0,0,0,0,1,"3,186","3,186",862.00
44,74,3,0,1,5,2,4,3,1,1,0,1,0,0,1,0,0,1,6,"3,448","3,103",824.00
45,39,3,0,1,12,2,4,4,3,1,0,4,0,0,1,1,0,0,1,"1,884","1,507",415.00
46,30,3,4,1,36,4,2,2,3,1,0,4,0,0,1,1,0,0,2,"11,054","7,737",1640.00
47,37,0,0,1,36,2,2,2,2,2,0,1,1,0,1,0,0,0,3,"3,620","1,810",334.00
48,22,1,1,1,24,2,2,1,2,1,1,3,0,0,0,1,0,0,4,"3,092","1,546",-790.00
49,23,1,0,1,12,4,1,2,1,1,0,1,0,0,1,0,0,1,4,"3,573","2,501",590.00
50,26,3,0,2,12,4,2,4,2,1,0,2,0,0,1,0,0,0,4,"1,934","1,547",282.00
51,27,0,0,1,24,2,1,1,2,1,0,4,0,0,1,0,0,0,1,"3,123","2,498",-1330.00
52,26,0,0,1,12,2,2,3,2,1,0,4,0,0,1,0,0,1,1,759,531,-305.00
53,44,3,0,2,24,4,4,4,2,1,0,3,0,0,0,0,0,0,0,"5,507","4,956",848.00
54,32,1,0,2,36,2,1,3,2,2,0,3,0,0,1,0,0,0,5,"2,273","1,818",350.00
55,23,1,0,1,12,2,1,1,2,1,1,1,0,0,0,0,0,1,4,"1,534",920,-415.00
56,23,3,4,2,12,4,4,3,2,1,0,4,0,0,1,0,0,1,0,996,498,68.00
57,49,0,4,1,24,2,4,4,2,2,0,4,0,1,0,1,0,0,2,"2,964","2,964",1012.00
58,23,0,0,1,24,2,4,1,1,1,1,4,0,0,0,1,0,1,3,"3,234","3,234",-1151.00
59,30,1,0,2,18,4,3,4,2,1,0,3,1,1,1,0,0,1,1,"1,056",950,-388.00
60,58,0,0,4,12,4,3,3,1,1,0,4,0,0,1,1,0,1,4,385,308,19.00
61,45,1,0,1,7,2,1,1,2,1,0,1,1,0,1,0,0,1,4,"2,329","1,397",277.00
62,22,0,1,1,12,2,3,0,2,1,0,4,0,0,1,0,0,0,0,741,518,-192.00
63,27,1,0,2,21,4,3,3,2,1,0,2,0,0,1,0,0,0,6,"3,652","2,191",337.00
64,28,0,0,1,24,2,4,2,2,1,0,2,0,0,1,0,0,0,4,"3,660","2,928",805.00
65,27,0,0,1,18,2,1,0,0,1,0,4,0,0,1,0,0,1,5,750,525,-403.00
66,50,0,0,1,48,2,1,3,3,1,0,4,0,0,0,1,0,0,5,"7,476","5,980",1585.00
67,23,2,0,1,12,2,4,2,2,1,1,3,0,0,0,0,0,1,4,"1,297",648,137.00
68,27,3,1,2,24,4,3,2,1,1,0,3,0,0,1,1,0,0,6,"4,139","3,311",551.00
69,56,3,0,1,6,2,2,1,2,1,0,1,0,0,1,0,0,0,5,"1,538","1,230",364.00
70,25,0,0,2,15,4,3,2,2,1,0,2,0,0,1,0,0,0,3,975,585,88.00
71,29,3,2,1,12,2,4,2,1,1,1,4,0,0,0,0,0,0,3,"1,123","1,010",-535.00
72,32,3,2,2,18,4,3,4,3,1,0,4,0,1,1,1,0,0,4,629,440,56.00
73,34,2,0,2,9,0,2,1,3,1,0,4,0,0,1,1,0,0,4,"1,337","1,203",-479.00
74,33,1,0,1,24,3,2,1,2,1,0,1,0,0,1,0,0,0,4,"6,403","3,841",696.00
75,32,0,1,1,24,1,3,3,2,1,0,2,0,1,1,0,0,0,1,"2,325","1,627",356.00
76,49,0,0,1,6,2,1,4,2,1,0,2,0,1,1,1,0,0,3,428,342,99.00
77,59,3,4,1,15,4,4,4,2,1,0,1,0,0,1,1,0,0,1,"5,045","3,027",507.00
78,26,0,4,1,24,2,4,4,2,1,1,2,0,0,0,0,0,1,2,"2,812","1,406",198.00
79,25,1,0,2,39,4,2,3,2,1,0,2,1,0,1,0,0,1,4,"4,933","3,946",-2365.00
80,39,1,0,1,21,2,4,4,2,2,0,2,0,0,1,0,0,0,6,"1,188",594,-446.00
81,54,3,0,2,24,4,4,4,2,2,0,4,0,0,0,0,0,0,5,"1,597","1,597",401.00
82,26,1,0,1,8,2,2,1,2,1,0,3,0,0,1,1,0,1,6,907,816,248.00
83,27,3,0,2,12,2,2,2,2,1,0,3,0,0,1,1,0,1,1,"1,101",990,198.00
84,44,3,2,2,24,3,2,2,2,2,0,4,0,0,1,1,0,0,6,"2,375","1,425",148.00
85,29,0,0,1,36,2,2,3,2,1,0,4,0,0,1,0,0,0,3,"5,179","4,143",-2232.00
86,33,0,0,2,20,4,2,2,2,1,1,4,1,1,0,0,1,0,1,"2,235","1,341",-603.00
87,27,3,3,2,24,4,2,2,2,1,0,4,0,0,1,0,0,1,2,"5,804","4,643",956.00
88,40,3,2,2,36,3,4,3,2,1,0,2,0,0,1,1,0,0,3,"7,678","4,606",682.00
89,38,3,0,1,24,2,3,3,3,1,0,3,0,0,1,1,0,0,2,"7,814","7,032",2237.00
90,43,0,0,4,27,4,4,4,3,2,0,4,0,1,1,1,0,0,6,"2,442","1,709",-10.00
91,43,0,0,1,16,4,4,4,2,1,1,2,1,1,0,1,0,0,1,"2,625","2,625",-1254.00
92,34,3,0,2,36,3,4,2,2,1,0,4,0,0,1,0,0,1,4,"4,454","3,117",397.00
93,28,3,0,2,18,4,2,2,2,1,0,4,0,0,1,0,0,0,3,"1,817","1,453",207.00
94,24,0,0,1,24,2,1,1,1,1,0,4,0,0,1,0,1,0,3,"1,747","1,572",457.00
95,45,3,4,1,12,2,3,1,3,2,0,2,0,0,1,1,0,0,1,"3,527","2,468",522.00
96,40,1,0,3,18,4,3,0,0,2,0,3,0,0,1,1,0,0,6,"3,590","2,872",343.00
97,30,3,0,2,6,4,2,4,2,1,1,2,0,0,0,0,0,1,4,"1,740","1,218",168.00
98,22,1,1,1,15,2,2,2,2,1,0,4,1,0,1,0,0,1,0,"1,514","1,211",296.00
99,49,1,0,1,30,4,2,3,2,1,0,2,0,0,1,0,0,0,3,"8,386","8,386",-3751.00
100,37,3,4,2,12,4,1,1,1,2,0,2,0,0,1,0,0,0,5,"3,565","2,852",553.00
101,22,1,0,1,48,2,2,2,2,1,0,2,0,0,1,0,0,1,4,"5,951","5,355",-3080.00
102,24,0,0,1,48,2,4,1,2,1,1,3,0,0,0,0,0,0,6,"4,308","4,308",-2807.00
103,44,0,2,1,6,2,3,2,2,2,1,2,0,0,0,0,0,1,4,"2,647","2,647",770.00
104,27,0,0,1,24,2,2,2,2,1,0,2,0,1,1,0,0,0,3,"4,020","3,618",879.00
105,26,1,2,1,12,2,1,2,2,1,0,3,0,0,1,1,0,0,4,"1,158",926,253.00
106,30,1,0,2,27,3,2,4,3,1,0,1,0,0,1,1,0,0,2,"5,965","5,965",1508.00
107,50,1,4,2,15,4,4,4,2,1,0,4,1,0,1,1,0,1,4,"1,537","1,383",291.00
108,46,3,4,2,7,4,2,4,1,1,1,4,0,0,0,1,0,0,4,730,511,85.00
109,47,3,2,1,15,2,3,4,2,1,0,4,0,1,1,1,0,0,4,"1,213","1,091",261.00
110,54,0,0,1,12,4,3,4,2,1,0,4,0,0,1,0,0,1,2,"1,409","1,268",318.00
111,24,1,0,1,36,2,4,3,2,1,1,4,0,0,0,0,0,0,4,"2,323","1,393",296.00
112,23,2,0,1,15,2,4,1,2,1,1,4,0,0,0,1,0,0,5,392,352,91.00
113,41,3,0,2,24,4,2,4,3,1,1,4,0,0,0,1,0,0,2,"3,868","2,707",372.00
114,29,0,0,1,36,3,3,2,2,1,0,4,0,1,1,1,0,0,5,"6,887","6,198",-4715.00
115,30,1,0,1,36,2,1,1,3,1,0,4,0,0,1,1,0,0,4,"4,795","3,356",805.00
116,38,3,0,1,10,2,4,2,2,1,0,1,0,0,1,1,1,0,4,"1,924","1,539",381.00
117,30,3,0,2,18,4,1,1,2,1,0,4,0,0,1,0,0,0,1,"1,055",844,164.00
118,26,3,0,1,12,2,1,2,2,1,0,4,0,0,1,1,0,1,3,763,610,175.00
119,30,1,0,2,36,3,2,2,3,1,0,2,0,1,1,1,0,1,6,"4,455","4,455",-2746.00
120,34,1,1,1,48,0,4,3,1,2,0,4,0,0,0,0,0,0,6,"3,844","3,075",-2447.00
121,27,0,0,1,12,2,3,2,1,1,0,4,0,0,1,0,0,1,1,"1,168",934,251.00
122,45,3,4,1,36,2,4,4,1,1,0,2,0,0,1,1,0,1,4,"3,835","2,301",458.00
123,23,0,4,1,12,2,4,2,2,1,1,4,0,1,0,1,0,0,5,"1,200","1,080",299.00
124,51,3,2,1,9,2,4,4,1,1,0,2,0,0,0,0,0,0,1,"2,507","1,504",262.00
125,51,3,0,1,6,2,2,3,2,2,0,3,0,0,1,0,0,0,4,"1,595","1,595",534.00
126,46,2,0,1,12,2,2,2,1,1,0,1,0,0,1,0,0,0,3,"2,251","1,575",349.00
127,55,0,0,1,24,2,4,4,2,1,0,4,0,0,1,0,0,0,4,"1,603",961,195.00
128,37,3,2,1,12,4,4,3,2,1,1,3,0,0,0,1,0,0,3,"1,402","1,261",397.00
129,50,3,0,1,12,2,2,2,2,1,0,4,0,0,1,0,0,1,3,"1,574","1,416",446.00
130,28,1,0,1,36,2,4,1,3,1,1,1,0,0,0,1,0,0,2,"9,398","6,578",-2415.00
131,42,1,0,1,36,0,1,2,2,1,0,4,0,0,1,1,0,0,4,"3,804","2,282",-1051.00
132,25,3,1,1,24,2,1,2,2,1,0,4,0,1,1,0,0,0,3,"5,511","3,306",723.00
133,32,0,0,1,24,2,3,1,2,1,0,4,0,0,1,0,0,0,4,"1,938","1,550",-696.00
134,30,3,1,2,18,4,2,2,2,1,0,4,0,0,1,0,0,1,5,"1,864","1,491",-1183.00
135,26,0,0,1,21,2,4,3,1,1,1,1,0,0,0,0,0,0,3,"3,599","2,159",426.00
136,29,1,0,1,9,2,2,2,2,1,0,1,0,0,1,0,1,0,3,959,479,-247.00
137,37,2,4,1,12,2,3,4,3,1,0,2,0,0,1,0,0,0,4,"3,399","2,039",493.00
138,33,3,0,2,18,4,4,4,2,1,0,3,0,0,1,1,0,0,4,"6,070","4,249",758.00
139,38,1,0,1,18,2,4,0,3,1,0,3,0,0,0,1,0,0,2,"12,976","6,488",-3587.00
140,19,1,3,1,12,2,4,1,1,1,1,1,0,0,0,0,0,1,3,983,589,141.00
141,28,1,4,2,18,4,4,2,2,1,0,4,0,1,1,0,0,1,6,"1,887","1,698",312.00
142,35,3,0,2,33,4,2,3,3,1,0,3,0,0,1,1,0,0,2,"7,253","5,077",730.00
143,30,1,4,1,12,2,2,2,2,1,0,4,0,0,1,0,0,0,2,"2,028","1,825",518.00
144,29,1,0,2,24,2,3,2,3,1,0,2,0,1,1,1,0,0,0,"11,328","7,929",-4440.00
145,30,0,0,1,12,2,3,2,2,1,0,2,0,0,1,0,0,0,3,"1,620",972,200.00
146,29,3,0,1,6,2,1,2,2,1,0,3,0,0,1,0,0,1,4,518,466,135.00
147,36,0,0,1,15,2,3,1,2,1,0,2,0,0,1,0,0,1,1,"1,721",860,163.00
148,23,0,0,1,6,2,4,1,2,1,0,4,0,0,1,0,0,0,5,448,268,-220.00
149,26,1,0,1,24,2,1,1,2,1,0,4,0,0,1,0,0,0,1,"1,201",720,165.00
150,42,1,0,2,27,0,4,4,3,1,0,2,0,0,0,1,0,0,6,"8,318","7,486",-5624.00
151,42,0,0,1,36,2,4,4,2,2,0,2,0,0,0,0,0,0,2,"5,493","4,394",1032.00
152,32,3,0,1,36,2,2,2,3,1,0,2,0,0,0,1,0,0,2,"4,686","2,343",378.00
153,24,0,0,1,18,2,2,2,2,1,0,2,0,0,1,0,0,1,4,"3,190","1,914",-1031.00
154,28,1,1,2,15,2,4,2,2,1,1,2,0,0,0,1,0,0,1,"2,631","1,315",-459.00
155,60,3,0,2,24,3,4,4,2,1,0,4,0,0,0,1,0,0,1,"2,032","1,219",125.00
156,45,3,2,1,6,1,4,4,1,2,0,2,0,1,1,0,0,0,4,"1,750","1,050",229.00
157,24,0,0,1,24,1,4,3,1,1,1,4,1,1,0,0,0,0,4,"1,546","1,546",-813.00
158,38,3,0,1,30,4,2,3,2,1,0,3,0,0,1,0,0,0,4,"5,954","4,167",835.00
159,49,1,0,2,12,4,3,1,1,2,0,1,0,1,1,0,0,1,1,"3,124","3,124",616.00
160,42,1,4,2,24,3,4,2,2,1,1,4,0,0,0,1,0,0,1,"1,965","1,572",307.00
161,30,1,0,1,9,2,1,2,2,1,0,4,0,0,1,0,0,0,3,918,734,-284.00
162,48,2,1,1,10,2,4,4,1,2,0,1,0,0,0,0,0,0,1,"1,240",744,-409.00
163,32,3,0,2,18,4,2,2,2,1,0,3,0,1,1,0,0,0,1,"1,530","1,377",-653.00
164,44,0,0,1,18,1,3,2,2,1,0,4,0,1,1,0,0,0,3,"1,553",931,-366.00
165,38,1,0,2,15,2,4,4,1,1,0,4,0,0,1,0,0,0,0,"1,308",784,78.00
166,37,1,0,1,12,2,2,2,1,1,0,4,0,0,1,0,0,0,3,"1,922","1,345",-494.00
167,23,0,4,1,12,2,2,2,2,1,0,4,0,0,1,0,0,0,1,900,900,-491.00
168,31,3,1,2,36,2,2,3,2,1,0,2,0,0,1,1,0,0,6,"5,742","5,742",1198.00
169,37,3,4,1,12,2,4,2,2,1,0,4,0,0,0,1,0,0,4,"2,279","1,595",426.00
170,25,1,1,1,15,2,2,2,1,1,0,3,0,0,1,0,0,1,0,"2,631","1,841",457.00
171,46,0,0,2,48,4,4,4,2,1,0,4,0,0,0,1,0,0,2,"6,331","5,697",-2024.00
172,35,0,0,1,6,1,4,4,2,1,0,4,0,0,0,0,0,0,5,"1,198",838,-590.00
173,24,1,3,1,6,1,2,1,2,2,1,4,0,1,0,0,0,0,5,433,389,-328.00
174,21,0,0,1,24,2,4,2,1,2,1,2,0,0,0,0,0,1,4,"1,987","1,192",-693.00
175,23,1,0,1,10,1,4,2,1,1,0,4,0,1,1,0,0,1,4,"1,048",838,186.00
176,23,0,0,1,18,2,2,1,1,1,0,1,0,0,1,0,0,0,1,976,683,-300.00
177,24,0,0,2,18,4,4,2,2,1,1,4,0,0,0,0,0,1,3,"2,124","1,486",-587.00
178,25,0,0,2,36,4,2,2,3,1,0,3,0,0,1,1,0,0,5,"8,065","4,839",-3043.00
179,60,3,3,1,24,4,4,4,2,1,0,4,0,0,1,1,0,1,1,"1,940","1,746",466.00
180,41,3,4,1,24,2,4,4,3,2,0,3,0,0,1,1,0,0,2,"6,313","6,313",2196.00
181,48,1,0,2,18,4,4,4,1,1,1,3,1,1,0,1,0,1,4,"1,795","1,615",282.00
182,28,1,0,1,6,2,3,3,1,1,0,3,1,1,1,0,0,1,4,484,338,71.00
183,24,2,0,1,12,2,1,2,2,1,0,3,0,0,1,0,0,0,4,"3,016","2,412",567.00
184,23,0,0,1,18,2,3,1,2,1,1,4,0,0,0,1,0,0,1,"1,216",729,-266.00
185,28,3,0,2,21,3,2,2,1,1,0,3,0,1,1,0,0,1,2,"2,993","2,095",359.00
186,43,3,4,2,24,4,4,3,2,1,0,3,0,0,1,1,0,0,2,"4,042","2,425",301.00
187,28,3,0,1,18,3,2,2,2,1,0,4,0,0,1,1,0,0,6,"2,169","1,952",-1355.00
188,46,2,0,2,6,4,4,4,2,2,0,1,0,0,1,0,1,1,1,"1,343",805,84.00
189,48,3,4,1,24,2,4,2,2,1,0,2,0,0,0,1,0,0,2,"9,277","5,566",981.00
190,46,3,0,2,15,4,4,4,2,1,0,4,0,0,1,1,0,0,4,"1,829","1,829",464.00
191,44,3,4,2,20,4,4,1,2,1,0,2,0,0,1,1,0,1,1,"3,485","2,788",456.00
192,25,1,0,1,24,4,4,1,1,1,0,2,0,1,1,0,0,0,3,"4,736","4,262",-1718.00
193,37,3,2,1,48,3,1,3,3,1,0,4,0,0,1,1,0,0,4,"12,749","12,749",3442.00
194,22,1,0,1,9,2,2,1,2,1,0,4,0,0,1,1,0,0,4,"1,670","1,503",-488.00
195,31,3,0,1,10,2,2,2,1,2,0,3,0,0,1,0,1,1,1,"1,546","1,236",286.00
196,24,0,0,2,36,3,1,3,2,1,0,2,0,0,1,1,0,0,6,"2,145","1,072",-673.00
197,47,1,0,2,21,3,4,2,2,1,0,1,0,0,1,0,0,0,1,"2,353","2,117",405.00
198,43,3,0,1,24,2,4,2,1,2,0,1,0,0,1,0,0,0,1,"7,393","4,435",767.00
199,33,3,0,1,48,2,2,0,3,1,1,3,0,1,0,1,0,0,6,"4,844","3,390",-2152.00
200,34,3,1,1,15,1,4,4,1,2,0,4,0,1,1,0,0,0,4,"1,569",941,158.00
201,49,3,0,1,12,4,3,3,1,2,0,2,0,0,1,0,0,1,5,"2,096","1,467",383.00
202,22,1,0,1,12,2,1,2,2,1,0,1,0,0,1,1,0,0,4,"1,567","1,096",241.00
203,48,0,0,2,10,4,3,1,1,2,1,1,0,0,0,0,1,1,1,"2,241","1,568",258.00
204,30,1,1,2,18,2,2,2,2,1,0,2,0,0,1,1,0,0,1,"5,866","2,933",225.00
205,44,1,0,1,18,3,4,2,1,2,0,2,0,0,1,1,0,1,0,"6,204","4,963",1229.00
206,25,3,0,1,12,2,2,2,2,1,0,3,0,0,1,0,0,0,4,"1,262","1,009",275.00
207,61,1,0,1,36,0,4,4,3,1,0,4,0,0,0,1,0,0,6,"1,953","1,562",-976.00
208,51,0,0,2,8,4,4,4,3,2,0,3,0,1,0,1,0,0,0,"1,164",698,87.00
209,24,3,1,1,18,2,4,2,1,1,1,3,0,0,0,0,0,0,6,"1,568","1,254",363.00
210,33,3,4,1,12,4,3,4,1,2,0,4,0,1,1,0,0,0,4,797,717,-302.00
211,24,3,0,1,6,3,2,2,2,1,0,3,0,0,1,0,0,1,4,932,652,167.00
212,28,1,0,1,18,2,3,3,1,1,1,3,0,0,0,0,0,1,1,"6,260","3,756",708.00
213,24,3,0,1,12,2,2,2,1,1,1,3,0,0,0,0,0,1,3,"1,768","1,237",300.00
214,27,3,0,2,15,2,3,1,1,1,0,2,0,1,1,0,0,0,3,"2,708","1,354",151.00
215,27,0,0,1,27,2,2,2,3,1,0,3,0,0,1,0,0,0,4,"3,416","3,074",922.00
216,24,2,0,1,36,2,1,2,2,1,0,4,0,0,1,0,0,0,4,"5,848","4,093",896.00
217,36,3,2,2,15,2,3,3,2,1,0,4,0,0,1,1,0,0,0,"1,262",757,72.00
218,34,1,0,1,24,3,2,0,3,1,0,3,0,0,1,1,0,0,3,"2,064","1,651",-882.00
219,40,0,4,2,21,1,2,2,1,2,0,4,0,0,1,0,0,0,1,"1,647","1,152",-610.00
220,36,1,0,1,27,2,2,2,2,2,0,4,0,0,1,1,0,0,6,"3,915","1,957",-1448.00
221,26,3,0,2,27,3,4,3,2,1,0,3,0,0,1,0,0,0,6,"5,117","3,581",647.00
222,50,0,0,2,27,0,4,0,2,1,0,2,0,1,1,1,0,0,6,"5,293","4,763",-4064.00
223,30,3,0,2,12,2,2,2,2,1,0,4,0,1,1,0,0,1,4,707,565,90.00
224,35,3,1,1,12,2,1,3,2,1,0,3,0,0,1,0,0,0,4,"2,141","1,712",445.00
225,24,0,0,2,48,0,4,4,2,2,0,3,0,0,0,0,0,0,2,"4,605","3,684",-1645.00
226,24,1,0,1,30,2,2,2,2,1,0,4,1,1,1,0,0,0,1,"2,150","1,720",-683.00
227,36,0,0,3,18,4,4,4,3,1,0,2,0,0,0,1,0,0,1,"5,302","4,771",564.00
228,36,1,4,1,48,1,4,0,3,1,0,4,0,0,0,1,0,0,1,"12,169","7,301",1522.00
229,49,2,4,1,18,1,4,3,1,1,0,4,0,1,1,0,0,0,4,"1,445","1,011",235.00
230,44,0,0,2,24,4,4,4,3,2,0,2,0,0,0,1,0,0,2,"6,419","4,493",763.00
231,37,2,4,2,24,4,2,3,1,2,0,4,0,1,1,0,0,1,1,"1,344",806,-348.00
232,26,2,0,1,24,2,4,1,2,1,0,2,0,0,1,0,0,0,3,"3,749","2,624",612.00
233,34,0,0,1,24,2,1,3,3,1,0,2,0,0,0,1,0,0,2,"2,910","1,455",306.00
234,24,1,1,1,60,2,2,1,3,1,0,4,0,0,1,0,0,0,1,"7,408","5,926",-3545.00
235,25,1,2,1,18,2,3,1,2,1,1,1,0,0,0,0,0,1,4,"3,213","1,927",434.00
236,38,3,4,1,18,4,4,0,3,1,0,2,0,0,1,1,0,0,2,"3,229","3,229",1119.00
237,36,2,0,2,12,3,2,2,2,1,0,2,0,1,1,1,0,0,1,"2,247","1,797",338.00
238,23,3,0,2,10,4,3,1,2,1,1,1,0,0,0,0,0,1,3,"2,146","1,716",320.00
239,25,3,4,1,22,2,4,3,2,1,1,4,0,0,0,0,0,0,1,"1,283",898,215.00
240,39,0,0,1,36,2,4,3,3,2,0,2,0,1,0,1,0,0,1,"3,249","2,599",564.00
241,27,3,0,2,24,3,2,1,2,1,0,2,0,1,1,1,0,0,6,"8,648","6,918",-4433.00
242,42,3,0,2,12,4,2,0,3,1,0,4,0,1,1,1,0,0,6,"2,292","2,292",-1437.00
243,47,1,0,2,12,4,3,3,1,2,0,2,0,0,1,0,0,1,1,958,670,105.00
244,36,0,0,3,6,4,4,0,3,1,0,4,0,0,0,1,0,0,3,"1,872","1,497",155.00
245,29,1,0,2,20,3,3,2,2,1,0,2,0,1,1,1,0,0,0,"2,629","1,577",258.00
246,34,3,0,2,12,0,4,4,2,1,0,2,0,0,1,0,0,0,3,"2,759","2,207",421.00
247,34,1,0,1,12,2,1,1,3,1,1,3,0,0,0,0,0,1,3,"3,017","2,715",656.00
248,28,0,0,1,9,2,3,2,1,1,0,4,0,0,1,0,0,0,1,654,457,-188.00
249,57,0,3,2,30,2,4,4,2,1,1,4,0,0,0,1,0,0,3,"3,622","2,173",302.00
250,27,3,1,2,6,4,1,2,2,1,0,1,0,0,1,0,0,0,4,"1,237","1,113",195.00
251,49,2,1,1,9,2,4,4,2,1,0,2,0,0,1,0,0,1,4,"1,126",563,92.00
252,26,2,0,1,15,2,4,3,2,1,1,2,0,0,0,1,0,0,6,"2,687","2,687",791.00
253,53,0,0,2,48,0,4,2,2,2,0,3,0,0,0,0,0,0,3,"7,119","5,695",-2010.00
254,41,3,0,1,12,3,4,2,2,1,1,4,0,0,0,0,0,1,2,"1,503","1,503",427.00
255,31,0,4,1,30,2,4,4,2,1,0,4,0,0,1,0,0,0,3,"6,350","3,810",-1837.00
256,34,0,0,2,48,2,1,3,2,1,0,1,1,0,1,1,0,1,4,"6,999","4,899",-1881.00
257,29,2,0,1,6,3,1,1,2,1,0,2,0,1,1,0,0,0,4,683,341,49.00
258,26,3,4,1,24,2,4,0,3,1,1,2,0,0,0,1,0,0,2,"5,433","4,889",1312.00
259,26,3,0,1,9,2,2,2,2,1,1,4,0,0,0,0,0,1,3,"1,388","1,249",366.00
260,36,3,3,1,21,2,4,4,1,1,0,4,0,1,1,0,0,1,6,"1,572","1,100",265.00
261,34,1,0,1,24,1,4,3,1,1,0,4,0,1,0,0,0,0,5,"1,837","1,102",-822.00
262,29,0,3,1,21,2,2,1,2,1,0,4,0,1,1,0,0,0,4,"3,357","2,685",766.00
263,38,3,4,1,48,2,2,2,2,1,0,4,0,1,1,0,0,1,6,"3,914","2,348",-1440.00
264,23,1,4,1,15,2,1,1,2,1,0,4,0,0,1,0,0,0,4,"1,444","1,010",194.00
265,40,3,1,1,15,2,2,2,3,1,0,3,0,0,1,1,0,0,5,"4,623","2,773",-2096.00
266,45,0,0,1,24,2,1,4,2,1,0,4,0,0,1,0,0,1,1,"2,303","2,072",-968.00
267,50,3,0,2,21,2,2,4,2,1,0,4,0,0,1,0,0,1,3,"2,241","1,792",343.00
268,42,3,0,1,60,2,4,4,3,1,0,2,0,0,1,1,0,0,1,"10,366","7,256",1522.00
269,33,3,0,2,15,3,3,2,2,1,0,4,0,1,1,0,0,1,4,"1,478","1,330",255.00
270,29,1,1,1,24,2,1,1,2,1,0,2,0,0,1,0,0,0,4,"2,896","2,027",390.00
271,47,2,1,1,24,2,2,4,2,1,0,4,0,0,0,1,0,0,4,"1,377",688,143.00
272,46,3,4,1,21,2,4,4,3,1,0,4,0,0,1,1,0,1,2,"2,476","1,733",453.00
273,24,0,0,1,12,2,2,2,1,1,0,4,0,0,1,0,0,1,1,"1,228",736,-376.00
274,44,1,0,1,8,2,2,3,1,1,0,4,1,0,1,0,0,1,4,760,608,135.00
275,41,3,4,1,21,2,3,4,2,1,0,4,0,0,1,1,0,0,4,"3,160","2,212",429.00
276,23,1,1,1,12,2,4,3,1,1,1,2,0,0,0,0,0,1,6,841,841,249.00
277,24,0,0,1,12,2,3,2,1,1,0,4,0,0,1,0,0,0,4,"2,214","1,328",266.00
278,36,3,0,1,21,4,4,4,3,1,0,1,0,0,1,1,0,0,2,"3,275","3,275",880.00
279,31,1,0,1,12,0,2,2,1,1,0,2,0,0,1,1,0,1,0,"1,410",846,161.00
280,27,3,4,2,6,4,2,2,2,1,0,1,0,0,1,0,0,0,3,"1,221",854,148.00
281,24,0,0,2,20,4,4,4,2,1,0,1,0,0,1,0,0,0,3,"4,272","4,272",1000.00
282,24,0,0,2,36,4,4,3,2,1,0,4,0,0,1,1,0,0,2,"9,629","5,777",-1853.00
283,41,0,0,1,36,2,2,4,2,2,0,2,0,1,1,0,0,0,3,"2,712","1,627",-603.00
284,29,0,0,2,45,0,4,4,2,1,1,2,0,0,0,0,0,0,6,"11,816","7,089",-4581.00
285,23,3,0,1,18,2,4,1,2,1,0,4,0,0,1,0,0,1,0,"1,943","1,360",-792.00
286,35,3,0,2,15,4,4,2,2,1,0,4,0,0,0,1,0,0,4,"1,471",882,85.00
287,35,0,0,1,24,2,4,1,2,1,0,4,0,0,1,1,0,1,4,"2,439","2,195",-1208.00
288,26,0,1,2,24,4,1,3,2,1,0,4,0,0,1,1,0,1,6,"1,382",967,141.00
289,36,1,4,2,30,4,4,4,2,1,0,4,0,0,1,0,0,1,1,"2,181","1,962",319.00
290,38,0,0,2,12,4,4,2,1,1,0,4,0,1,1,0,1,0,1,"2,171","1,519",261.00
291,42,3,4,2,36,4,4,4,2,1,0,2,0,0,0,0,0,0,2,"10,477","5,238",604.00
292,25,1,4,1,30,2,4,4,2,1,0,2,0,0,1,0,0,0,4,"2,991","2,691",802.00
293,22,0,0,1,9,2,4,1,2,1,1,3,0,0,0,0,0,0,4,"1,366","1,092",-502.00
294,30,3,0,2,9,4,1,2,2,1,0,3,0,0,1,0,0,1,1,"1,224","1,101",221.00
295,31,3,4,1,24,2,2,3,2,1,0,4,0,1,1,1,0,0,3,929,557,123.00
296,28,1,2,1,24,2,4,1,2,1,1,3,0,0,0,0,0,0,2,"4,113","2,879",-1160.00
297,29,3,4,1,15,2,2,2,2,1,0,3,0,0,1,0,0,0,1,"3,556","2,844",632.00
298,29,0,0,2,24,1,4,0,0,1,1,1,0,0,0,0,0,0,1,"1,193",954,-424.00
299,28,2,1,1,21,2,1,2,3,1,0,1,0,1,1,1,0,0,1,"2,923","1,753",357.00
300,23,0,4,2,18,2,4,3,1,1,1,2,0,0,0,0,0,0,4,"1,936","1,936",504.00
301,45,0,0,1,42,2,4,3,2,2,0,2,1,0,0,0,0,0,3,"7,882","4,729",792.00
302,60,0,0,2,24,4,4,4,1,1,0,4,0,0,1,0,0,0,1,"1,199",959,-289.00
303,44,1,1,1,12,4,4,1,2,1,0,3,0,0,1,0,0,0,2,"1,804","1,623",407.00
304,57,3,4,1,12,4,4,4,1,1,1,4,0,0,0,0,0,0,6,"1,264","1,137",275.00
305,24,0,1,2,30,4,4,3,2,1,1,1,0,0,0,0,0,0,2,"6,187","4,949",997.00
306,31,3,4,1,18,2,1,2,2,1,0,2,0,0,1,1,0,0,2,"3,378","2,026",389.00
307,25,1,0,1,48,0,2,2,2,1,0,2,0,0,1,1,0,0,6,"14,421","10,094",-7360.00
308,41,1,0,2,42,4,1,3,1,1,0,2,0,1,1,0,0,1,6,"5,954","4,763",1000.00
309,58,0,0,1,24,2,4,4,1,1,0,4,1,0,1,1,0,1,0,"1,755","1,053",211.00
310,20,2,4,2,24,4,4,4,2,1,1,4,0,0,0,0,0,0,3,"3,617","2,170",265.00
311,35,1,0,1,9,4,3,3,2,1,1,4,0,0,0,1,0,0,3,"1,919","1,535",328.00
312,25,3,0,2,36,4,2,2,2,1,0,4,0,1,1,1,0,1,1,"7,855","4,713",-1659.00
313,63,2,0,2,10,4,4,4,2,1,0,4,0,0,0,1,0,0,1,781,390,31.00
314,47,3,0,2,18,2,4,2,2,1,0,4,0,1,0,0,0,0,3,"1,984","1,785",405.00
315,22,0,0,1,18,2,2,2,2,1,0,2,0,0,1,0,0,0,3,"2,462","1,231",-464.00
316,29,1,3,1,24,4,4,4,2,1,1,2,0,0,0,0,0,0,2,"7,758","4,654",900.00
317,70,1,0,1,10,2,4,0,3,1,0,2,0,1,0,1,0,0,1,"7,308","6,577",2059.00
318,33,1,0,1,8,2,2,2,2,1,0,4,1,0,1,0,1,1,4,"1,414",848,194.00
319,50,3,3,1,24,4,4,2,2,1,0,4,0,0,1,1,0,1,3,"3,777","2,266",492.00
320,29,3,0,1,6,2,2,3,2,1,1,2,0,0,0,0,0,1,4,"2,108","1,897",606.00
321,21,0,0,1,12,2,4,3,2,1,1,4,0,0,0,0,0,0,0,902,902,-273.00
322,66,2,0,1,30,3,4,4,3,1,0,4,0,0,1,1,0,1,6,"1,908","1,526",-1279.00
323,32,3,4,2,24,3,4,2,2,2,0,4,0,0,1,1,0,1,6,"2,978","2,978",797.00
324,25,1,0,1,18,2,2,2,1,1,0,4,1,0,1,0,0,1,4,866,779,199.00
325,27,3,0,2,12,4,2,2,2,1,0,3,0,0,1,0,0,1,6,"1,185",592,73.00
326,35,3,1,2,24,3,3,2,2,1,0,2,0,0,1,0,0,0,3,"4,151","2,490",413.00
327,57,3,0,3,12,4,4,4,1,1,0,2,0,1,0,0,0,0,5,"2,748","1,648",115.00
328,28,1,0,2,48,2,4,3,2,1,0,4,0,0,1,0,0,1,4,"3,060","1,836",-836.00
329,63,3,4,1,15,4,4,4,2,1,0,4,0,0,1,0,0,0,3,"1,520","1,064",225.00
330,56,2,0,1,42,4,4,4,2,1,0,4,0,0,0,0,0,0,2,"4,796","3,357",764.00
331,49,0,0,2,10,4,3,3,2,1,0,4,0,0,1,1,0,0,1,"1,038",830,126.00
332,25,1,0,1,12,2,3,3,1,1,0,2,0,1,1,0,0,0,1,685,685,-256.00
333,28,0,3,1,18,2,2,2,2,1,0,4,0,0,1,0,0,0,3,"2,659","1,329",238.00
334,24,3,1,2,48,4,4,2,1,1,1,2,0,1,0,0,0,0,2,"11,590","11,590",-4476.00
335,33,1,0,1,18,2,1,4,3,1,0,1,0,1,1,1,0,1,6,"4,439","3,551",950.00
336,28,0,0,2,12,0,2,2,2,1,1,4,0,0,0,1,0,0,4,"6,199","3,719",-1466.00
337,21,3,0,1,6,2,2,2,2,1,1,1,0,0,0,0,0,0,3,"1,766","1,766",567.00
338,63,3,4,1,60,4,4,4,3,1,0,2,0,1,0,1,0,0,1,"13,756","8,253",1802.00
339,26,2,0,1,12,2,1,1,2,1,0,4,0,0,1,0,0,1,1,"1,330",798,181.00
340,31,0,0,1,6,4,4,3,2,1,0,1,0,0,1,0,0,0,4,"1,957","1,369",292.00
341,27,3,0,2,14,3,2,2,1,1,0,4,0,0,1,0,0,0,1,802,802,165.00
342,40,3,2,1,10,2,2,2,1,2,1,3,0,0,0,0,1,0,1,"1,597","1,277",343.00
343,34,3,1,2,21,3,3,3,3,1,0,4,0,0,1,0,0,1,3,"1,591","1,431",249.00
344,33,3,0,2,24,4,2,2,2,1,0,4,0,0,1,1,0,1,0,"2,058","1,646",253.00
345,41,3,0,1,12,2,4,4,1,2,0,4,0,1,1,0,0,0,5,719,431,-280.00
346,35,3,0,1,24,2,4,4,3,1,0,4,0,0,1,1,0,0,2,"2,670","1,869",424.00
347,38,1,4,2,12,2,4,4,2,1,0,4,0,0,1,0,0,0,0,754,452,75.00
348,36,3,4,1,6,2,4,0,3,2,0,4,0,0,1,1,0,0,0,"1,238",742,137.00
349,30,3,3,2,15,3,2,3,2,1,0,3,0,0,1,0,0,0,3,960,960,195.00
350,38,1,4,1,6,2,4,4,2,1,0,4,0,0,1,0,0,0,4,368,257,63.00
351,38,1,1,2,24,4,4,1,2,2,0,4,0,1,1,0,0,0,4,"1,216",972,-481.00
352,20,1,0,2,12,3,4,2,2,1,1,4,0,0,0,0,0,1,4,585,526,91.00
353,23,3,1,1,24,2,4,3,2,1,0,3,0,0,1,0,0,0,2,"3,488","1,744",359.00
354,26,3,1,1,24,2,3,3,2,1,0,4,0,0,1,1,0,0,4,"1,311","1,048",306.00
355,34,2,0,1,18,2,1,2,1,2,0,2,0,0,1,0,0,1,3,"2,864","1,718",-559.00
356,27,1,1,1,12,4,1,1,2,1,0,4,0,0,1,0,0,0,1,"1,995","1,795",579.00
357,37,1,4,1,36,2,4,2,2,1,0,1,0,0,0,1,0,0,1,"12,389","8,672",-3366.00
358,22,0,0,1,15,2,4,2,1,1,0,4,0,0,1,0,0,0,6,806,725,226.00
359,33,1,0,1,36,2,1,1,1,1,1,4,0,0,0,0,0,0,0,"2,384","1,907",-594.00
360,20,1,0,1,24,2,4,2,1,1,1,3,0,0,0,1,0,0,1,"2,718","1,630",-831.00
361,28,3,0,1,36,2,2,2,3,1,0,4,0,0,1,1,0,0,3,"3,349","2,344",-1215.00
362,22,0,0,1,24,1,4,2,2,1,1,1,1,1,0,0,1,0,2,"3,632","2,179",392.00
363,22,0,0,1,12,2,1,1,2,1,1,4,0,0,0,0,0,0,3,"1,858","1,486",409.00
364,19,3,0,2,9,2,2,1,2,1,1,2,0,0,0,0,0,0,3,"1,980","1,188",-398.00
365,33,3,0,2,24,4,2,3,2,1,0,4,1,0,1,1,0,0,4,"1,851","1,665",365.00
366,42,1,1,4,36,3,4,4,3,1,0,2,0,0,1,1,0,0,1,"8,086","4,043",-1774.00
367,35,1,0,2,6,3,1,0,3,1,0,4,0,1,1,1,0,0,3,"1,050",735,88.00
368,24,3,2,1,6,4,2,2,2,1,0,1,0,0,1,0,0,0,1,"2,080","1,872",568.00
369,47,3,0,3,24,4,3,1,2,1,0,3,0,0,0,1,0,0,4,"5,103","4,592",439.00
370,44,0,4,2,6,4,3,1,1,2,0,1,0,0,1,0,0,1,1,"4,716","4,244",747.00
371,41,1,1,2,30,3,2,4,2,1,0,4,0,1,1,0,0,0,6,"2,503","2,002",313.00
372,25,0,0,2,9,4,4,2,1,1,0,4,0,0,1,0,0,1,4,"1,138",682,103.00
373,66,1,2,1,9,2,3,2,1,1,0,4,0,0,1,0,0,1,4,790,553,143.00
374,28,3,3,1,24,2,4,2,2,1,1,2,0,0,0,1,0,0,2,"2,603","1,822",365.00
375,22,0,2,1,24,1,4,2,2,1,0,4,0,1,1,1,0,1,3,"2,483","2,234",565.00
376,25,3,0,2,30,4,2,3,2,1,0,4,0,0,1,0,0,0,4,"5,771","5,193",1122.00
377,30,3,4,1,21,4,4,4,3,1,0,4,0,0,0,1,0,0,1,"12,680","6,340",-2703.00
378,52,3,1,2,24,4,4,4,2,1,0,4,0,1,1,0,0,0,4,"2,223","1,333",188.00
379,23,1,1,1,12,2,2,1,1,1,0,4,0,1,1,0,0,0,1,836,501,-192.00
380,51,2,0,1,24,2,4,4,2,1,0,3,0,0,0,0,0,0,3,"2,892","2,313",589.00
381,35,3,4,2,12,4,4,4,2,1,0,4,0,0,1,0,0,0,4,976,488,52.00
382,54,0,0,1,48,2,4,2,2,1,0,3,0,0,1,0,0,0,0,"3,051","1,830",-555.00
383,47,0,0,2,8,4,4,4,1,1,0,4,0,0,1,0,0,1,1,731,438,42.00
384,42,1,4,1,24,2,4,4,2,1,0,2,0,0,1,1,0,0,4,"5,084","3,558",936.00
385,50,3,0,1,24,1,4,3,2,1,0,4,0,1,1,1,0,0,6,"1,559","1,091",237.00
386,32,0,0,2,18,1,4,3,1,2,0,4,0,0,0,0,0,0,1,"1,442","1,009",-573.00
387,32,3,3,2,27,4,2,1,1,2,0,4,0,1,1,1,0,1,3,"4,526","4,073",784.00
388,24,3,4,1,15,2,1,1,2,1,0,4,0,0,1,0,0,1,0,874,611,125.00
389,65,3,0,2,18,4,4,0,0,1,0,4,0,0,1,0,0,0,4,"1,098",658,90.00
390,34,1,0,2,36,4,4,2,2,1,0,3,0,0,1,1,0,0,2,"5,800","4,640",651.00
391,40,3,4,1,15,2,2,2,2,1,1,4,0,0,0,1,0,1,4,"1,386",693,150.00
392,28,3,3,1,11,2,2,4,2,1,0,1,0,0,1,1,0,1,6,"2,142","1,499",344.00
393,30,1,0,1,12,2,4,3,2,2,1,3,0,0,0,1,0,0,1,"2,002","1,801",465.00
394,42,3,2,2,12,4,4,4,2,2,0,4,0,0,1,1,0,0,4,522,261,36.00
395,42,3,0,3,4,4,1,3,1,2,0,2,0,0,1,0,0,1,1,"1,455","1,455",176.00
396,26,3,0,2,36,2,2,0,3,1,0,4,0,0,1,1,0,0,3,"10,974","6,584",-2944.00
397,35,3,2,2,24,2,2,4,2,1,0,3,0,1,1,1,0,0,4,"2,397","1,677",-538.00
398,36,0,0,1,60,2,4,4,2,1,1,4,0,0,0,0,0,0,6,"7,297","3,648",-2507.00
399,26,0,0,1,36,2,2,2,2,2,0,2,0,0,1,0,0,0,2,"8,229","6,583",-2272.00
400,30,0,0,1,36,2,3,0,3,1,0,4,0,0,1,1,0,0,3,"3,959","3,167",916.00
401,53,0,0,2,24,3,4,2,2,2,0,3,0,0,0,0,0,0,1,"4,870","2,922",-1742.00
402,28,0,0,1,15,2,4,2,2,1,1,2,0,0,0,0,0,0,1,"1,403","1,122",257.00
403,26,3,4,2,10,4,1,2,2,1,0,2,0,0,1,0,1,0,3,"2,069","1,862",428.00
404,33,2,0,1,12,2,1,1,3,1,0,4,0,1,1,1,0,0,3,"1,474","1,474",454.00
405,58,0,0,2,48,4,4,4,1,1,0,4,0,1,0,0,0,0,2,"6,143","3,685",-1770.00
406,57,1,0,2,36,3,4,4,2,1,0,4,0,1,0,1,0,0,1,"2,225","1,780",-747.00
407,26,3,0,1,24,2,4,1,2,1,0,4,0,0,1,1,0,0,4,"3,181","2,544",598.00
408,40,0,4,1,36,2,4,4,3,1,0,4,0,0,1,1,0,0,5,"1,977","1,383",-961.00
409,52,0,0,1,10,2,4,4,1,1,0,3,0,0,1,0,0,1,4,"2,315","2,083",648.00
410,54,1,3,1,12,2,4,4,2,1,0,4,0,0,1,1,0,1,1,"1,318","1,186",348.00
411,26,3,4,1,12,2,4,1,2,1,1,2,0,0,0,1,0,0,2,"2,445","2,445",654.00
412,35,0,2,1,12,2,1,4,2,1,0,3,0,0,1,0,0,1,4,"1,680","1,344",349.00
413,27,1,4,1,18,2,3,1,2,1,1,4,0,0,0,0,0,1,3,"1,924","1,924",-843.00
414,21,3,1,1,60,2,4,3,2,1,0,2,0,0,1,1,0,1,4,"10,144","8,115",2159.00
415,23,3,0,1,21,4,4,1,2,1,0,4,0,0,1,1,0,0,3,"2,288","1,830",389.00
416,36,1,1,1,24,3,4,3,3,1,1,4,0,0,0,1,0,0,6,"6,967","4,876",989.00
417,36,3,2,1,36,2,4,4,2,1,0,4,0,0,1,0,0,0,1,909,727,192.00
418,26,0,0,2,21,3,1,1,2,1,0,2,0,0,1,0,0,0,5,"3,414","2,048",-1278.00
419,36,1,0,1,18,4,4,4,2,2,0,4,0,1,1,1,0,0,1,884,442,-134.00
420,21,1,1,1,45,2,4,2,2,1,1,4,1,0,0,0,0,0,4,"3,031","2,424",-997.00
421,38,3,0,2,12,4,1,4,1,2,0,4,0,0,1,0,0,1,1,"1,495","1,196",181.00
422,51,3,4,1,36,4,2,4,2,1,0,4,0,0,1,1,0,0,4,"3,342","2,673",725.00
423,30,3,0,1,15,2,2,2,2,1,0,3,0,0,1,1,0,0,2,"4,657","4,191",1287.00
424,42,3,0,3,4,4,1,3,1,2,0,2,0,0,1,0,0,1,4,"1,544","1,235",94.00
425,35,3,2,1,12,1,3,2,1,2,0,4,0,0,1,0,0,1,0,"3,447","2,412",509.00
426,24,1,4,1,9,2,1,3,2,1,0,2,0,0,1,1,0,0,3,"2,030","1,827",499.00
427,32,3,0,2,10,4,4,4,1,2,0,3,0,0,1,0,1,1,1,"1,231",984,151.00
428,34,0,0,1,30,2,1,1,1,1,0,1,0,0,1,1,0,0,0,"11,998","10,798",-4141.00
429,37,1,1,1,24,4,2,1,2,1,0,4,0,0,1,1,0,0,1,"3,878","2,326",563.00
430,46,3,4,2,48,4,2,4,3,2,0,4,0,1,1,0,0,0,6,"7,629","6,103",863.00
431,44,3,2,1,48,4,2,2,2,1,0,2,0,1,0,0,0,0,1,"10,127","6,076",-2454.00
432,29,2,4,1,4,2,2,1,1,2,0,1,0,0,1,0,1,1,1,"1,494","1,344",411.00
433,36,3,0,2,18,4,3,2,2,1,0,4,0,0,1,0,0,1,1,"1,028",925,153.00
434,23,0,0,2,24,0,4,4,2,2,1,3,0,1,0,0,0,0,3,"4,110","3,699",-2183.00
435,37,2,0,1,10,2,1,1,1,2,0,1,1,0,1,0,0,0,1,"3,949","3,159",925.00
436,46,3,2,1,10,2,4,4,2,1,0,4,0,0,0,1,0,0,5,727,508,136.00
437,25,0,0,1,18,2,1,0,0,1,0,4,0,0,1,0,0,0,3,"2,473","1,978",-1048.00
438,60,1,1,2,60,1,4,4,3,1,0,3,0,1,0,1,0,0,0,"14,782","7,391",-2656.00
439,26,3,1,2,30,3,2,2,1,1,0,2,0,0,1,0,0,0,6,"4,272","2,563",249.00
440,31,3,0,1,9,4,3,0,3,1,0,2,0,0,1,0,0,0,3,"2,406","1,924",437.00
441,43,1,4,1,18,3,4,4,2,2,0,4,0,0,1,0,0,0,1,"2,899","2,609",826.00
442,35,0,4,1,24,2,2,2,2,1,0,4,0,0,1,0,0,0,1,"1,381","1,242",-443.00
443,25,1,4,1,12,2,2,4,2,1,0,1,0,1,1,1,0,0,3,"2,762","1,657",-638.00
444,25,0,0,1,9,2,2,2,2,1,0,3,0,0,1,0,0,1,3,"2,136","1,708",481.00
445,30,1,0,1,48,4,3,2,3,1,0,2,0,0,1,1,0,0,3,"5,096","4,076",-1739.00
446,31,0,0,1,24,2,3,3,2,1,0,2,0,0,1,1,0,0,1,"4,817","2,890",-1679.00
447,34,3,0,2,18,2,1,3,2,1,0,4,0,1,1,1,0,0,6,"1,950","1,170",160.00
448,33,1,0,1,18,4,2,2,2,1,0,4,0,0,1,0,0,0,4,"1,245",996,-453.00
449,44,3,2,1,12,4,4,2,2,1,0,4,0,0,1,1,0,1,1,"1,163",814,193.00
450,39,0,0,2,12,4,2,2,1,2,1,3,0,0,0,0,1,1,1,"2,122","1,061",133.00
451,24,0,0,1,24,2,4,1,2,1,1,4,0,0,0,0,0,0,1,"1,207",844,-375.00
452,54,3,4,1,24,2,1,1,2,1,0,4,0,0,1,0,0,0,1,"2,255","1,804",423.00
453,26,1,0,1,18,2,4,2,1,2,0,4,1,0,1,0,0,1,4,"1,113","1,113",371.00
454,25,3,4,2,24,2,2,1,2,1,0,4,0,0,1,0,0,0,4,"3,105","3,105",708.00
455,61,3,0,2,12,4,4,4,1,1,0,4,0,0,1,0,0,1,1,"1,255",627,87.00
456,67,1,0,2,9,2,4,3,3,1,0,4,0,0,1,1,0,0,5,"1,199","1,079",215.00
457,37,1,4,2,24,3,2,2,3,1,0,4,0,1,1,1,0,0,6,"4,712","3,298",437.00
458,27,1,0,2,9,2,4,4,1,1,0,4,0,0,1,0,0,0,4,"1,082",973,215.00
459,52,3,4,1,12,2,4,4,3,1,0,4,0,0,0,1,0,0,1,"2,133","1,919",600.00
460,40,0,4,1,24,1,3,4,3,1,0,4,0,1,1,1,0,0,0,"1,358",950,-376.00
461,23,2,0,1,10,2,2,1,2,1,0,4,0,0,1,0,0,0,3,"1,275",765,156.00
462,22,3,0,1,18,3,1,3,2,1,0,4,0,0,1,0,0,1,3,"1,808","1,265",-751.00
463,65,0,0,2,18,2,4,2,2,1,0,4,0,0,0,0,0,0,4,"2,600","1,560",-557.00
464,25,1,0,1,24,2,4,1,1,1,0,3,0,0,1,1,0,0,1,"1,355",948,-325.00
465,32,0,0,2,18,4,1,3,3,1,0,4,0,0,1,1,0,0,4,"1,880","1,316",219.00
466,35,3,0,2,24,4,3,3,2,1,0,4,0,0,1,1,0,0,2,"2,346","1,407",222.00
467,50,2,0,1,6,4,4,2,1,1,0,2,0,0,1,0,0,0,5,"1,047",523,73.00
468,41,3,2,1,21,3,2,1,1,2,0,4,0,1,1,0,0,1,6,"2,580","1,290",-805.00
469,31,1,1,2,36,3,3,3,1,2,0,1,0,0,1,1,0,0,6,"9,857","6,899",1312.00
470,28,3,0,1,24,2,2,3,2,1,0,4,0,0,1,1,0,0,4,"2,284","1,827",525.00
471,32,1,0,1,27,2,1,1,2,2,0,4,0,0,1,1,0,0,6,"2,528","1,769",424.00
472,27,1,0,1,60,2,2,3,3,1,0,4,0,0,1,1,0,0,1,"14,027","7,013",-2463.00
473,21,3,0,1,27,2,3,2,2,1,1,3,0,0,0,0,0,1,1,"2,570","1,799",-1039.00
474,37,3,0,1,4,4,1,3,2,2,0,1,0,0,1,0,0,1,1,"3,380","2,704",589.00
475,30,0,4,2,39,4,4,3,3,1,0,4,0,0,1,1,0,0,3,"14,179","7,089",662.00
476,55,3,3,2,12,3,4,4,2,2,0,4,0,0,0,0,0,0,0,"1,555",933,-545.00
477,27,3,1,2,24,4,3,3,2,1,0,4,0,0,1,1,0,0,1,"2,463","2,463",658.00
478,66,2,2,3,12,4,4,0,0,1,0,2,0,1,0,0,0,0,1,"1,480","1,036",62.00
479,60,1,4,1,20,2,4,0,3,1,0,1,0,0,1,1,0,1,2,"6,468","6,468",2006.00
480,32,3,2,1,24,2,3,4,2,1,1,4,0,0,0,1,0,0,3,"3,062","1,531",317.00
481,24,1,4,1,12,2,2,0,0,1,1,1,0,0,0,0,0,1,1,"7,472","5,230",1339.00
482,46,0,0,1,48,2,4,3,2,2,0,4,0,0,0,0,0,0,1,"3,931","3,537",-1985.00
483,35,3,0,2,18,4,2,1,3,1,0,3,0,0,1,1,0,0,3,"3,780","1,890",231.00
484,25,2,0,1,15,2,3,1,1,1,0,2,0,0,1,0,0,1,4,"2,327","2,327",-772.00
485,47,3,0,3,18,2,4,4,2,2,0,4,0,1,1,1,0,0,3,"3,422","3,079",322.00
486,45,3,0,2,36,3,2,4,2,2,0,2,0,0,1,1,0,0,1,"10,875","7,612",1341.00
487,25,3,0,1,10,2,2,2,1,1,1,2,0,1,0,0,0,1,3,"2,210","1,989",-948.00
488,29,0,0,1,12,2,2,2,1,2,0,2,0,0,1,0,0,0,3,"3,590","3,231",881.00
489,43,1,0,1,24,2,3,3,2,1,0,3,0,0,1,1,0,0,3,"4,057","2,839",-918.00
490,29,3,4,2,18,4,3,2,2,1,0,4,0,0,1,1,0,0,4,"1,169",701,70.00
491,36,3,0,1,24,2,1,4,3,1,0,4,0,0,1,1,0,1,4,"1,278","1,022",247.00
492,31,0,0,1,24,1,2,2,2,1,1,4,0,0,0,1,0,0,6,"3,161","3,161",-2801.00
493,55,0,0,1,24,1,1,1,2,1,0,2,0,1,1,1,0,0,3,"6,872","6,184",-2721.00
494,23,0,0,1,12,2,1,2,2,1,0,4,0,1,1,0,0,0,4,"1,498","1,498",439.00
495,46,0,0,1,15,2,1,1,2,1,1,4,1,0,0,0,0,0,3,"1,845","1,660",426.00
496,29,0,0,1,12,2,4,2,2,1,0,4,1,0,1,1,0,0,1,"1,893","1,514",363.00
497,22,1,0,1,6,2,1,1,1,1,0,3,0,0,1,0,0,0,0,454,363,81.00
498,33,3,0,1,30,4,2,2,2,1,0,4,0,0,1,1,0,0,4,"2,831","2,264",535.00
499,30,3,0,2,24,4,2,3,1,1,0,2,0,0,1,0,0,0,3,"2,028","1,419",217.00
500,50,3,4,1,12,2,3,4,2,1,0,4,0,0,1,1,0,0,1,"2,390","2,151",652.00
501,35,3,4,1,36,2,4,2,1,2,0,2,0,0,0,1,0,0,5,"9,055","5,433",1032.00
502,32,0,1,1,24,2,2,2,1,1,0,4,0,0,1,0,0,0,4,"1,282",769,-352.00
503,36,0,0,1,6,2,2,2,1,1,0,1,0,1,1,1,0,1,3,"1,374",961,251.00
504,25,1,0,2,45,4,2,1,1,1,0,4,0,0,1,0,0,0,4,"4,746","3,322",-1100.00
505,35,3,0,2,11,4,4,1,3,1,0,4,0,0,1,0,0,0,1,"1,393",835,93.00
506,26,3,4,1,6,1,2,2,1,2,0,1,1,1,1,0,0,1,1,783,626,163.00
507,48,3,4,4,27,2,4,4,2,2,0,4,0,0,1,1,0,0,0,"5,190","5,190",424.00
508,66,0,0,2,12,4,4,4,3,1,0,4,0,0,0,0,0,0,2,"1,526","1,526",318.00
509,29,3,0,2,12,4,2,2,3,1,0,4,1,0,1,1,0,1,6,"1,412",988,181.00
510,58,1,0,1,54,0,4,1,2,1,1,3,0,0,0,1,0,0,6,"15,945","7,972",-6114.00
511,39,1,0,2,24,4,3,2,3,2,0,2,0,0,1,1,0,0,0,"11,938","8,356",-3313.00
512,47,3,4,1,48,4,1,4,2,1,0,4,0,0,1,1,0,1,4,"3,578","2,862",720.00
513,30,0,0,2,12,4,2,2,2,1,0,4,0,0,1,0,0,0,1,"2,121","1,908",349.00
514,38,3,4,2,12,4,2,4,2,1,0,4,0,0,1,1,0,1,4,"1,240",868,130.00
515,30,1,1,1,48,1,2,3,2,1,0,4,0,0,1,0,0,0,6,"3,566","2,139",481.00
516,20,0,0,1,12,2,4,2,2,1,1,2,0,0,0,0,0,0,3,"1,282",769,-302.00
517,32,3,2,1,6,2,2,2,2,1,0,1,0,0,1,1,0,0,3,"2,978","2,978",996.00
518,53,3,4,1,30,1,1,0,3,1,0,4,0,1,1,1,0,1,2,"7,485","5,988",-2232.00
519,31,3,0,2,15,4,2,2,2,1,0,4,0,0,1,0,0,0,4,"1,360","1,088",217.00
520,34,1,0,2,9,4,3,4,3,1,0,2,0,0,1,1,0,0,5,"1,501","1,200",-764.00
521,38,0,0,3,30,4,4,4,3,2,0,3,0,0,0,1,0,0,2,"10,623","6,373",373.00
522,39,1,4,2,6,4,3,3,1,1,0,1,0,0,1,0,0,0,0,932,652,78.00
523,27,3,0,2,36,0,2,2,2,1,0,4,0,0,1,0,0,0,0,"2,613","2,613",673.00
524,30,0,0,1,24,2,2,0,3,2,0,4,0,1,1,0,0,0,4,"1,823","1,093",-648.00
525,25,3,0,1,24,2,1,3,2,1,0,4,0,0,1,1,0,1,6,"1,258",754,178.00
526,27,1,4,1,60,3,1,2,1,1,0,1,0,0,1,0,0,1,4,"7,418","5,192",1304.00
527,37,1,0,1,15,2,3,4,2,2,0,4,0,0,1,0,0,0,4,802,561,-263.00
528,32,3,0,1,9,2,2,2,2,2,0,1,0,0,1,0,0,1,4,"2,697","1,887",390.00
529,35,0,0,1,47,2,1,1,1,1,0,1,0,0,1,1,0,1,1,"10,722","9,649",2569.00
530,26,1,0,1,48,2,2,1,2,1,0,1,0,0,1,1,0,0,3,"9,960","7,968",-2393.00
531,33,3,3,1,6,2,2,2,2,1,0,4,0,0,1,0,0,1,3,"1,543","1,234",341.00
532,31,0,0,1,36,1,4,4,2,1,0,4,0,1,1,0,0,0,3,"2,746","2,196",-989.00
533,39,0,0,2,8,4,4,3,1,1,0,1,0,0,1,0,1,1,1,"3,398","3,398",819.00
534,44,0,0,1,6,4,4,2,3,1,1,1,0,0,0,1,0,1,3,"3,384","3,384",-1846.00
535,43,3,0,1,15,4,2,2,1,1,0,4,0,0,1,0,0,0,4,"1,459","1,021",258.00
536,23,1,0,1,24,2,2,1,1,1,0,4,0,1,1,0,0,1,1,"1,246","1,121",-569.00
537,36,3,0,1,12,2,4,3,2,1,0,2,0,0,1,1,0,0,6,"1,542",925,163.00
538,37,0,0,1,48,1,4,3,2,1,1,2,1,0,0,0,0,0,6,"7,685","4,611",-3379.00
539,25,3,0,2,18,4,1,2,2,1,0,2,0,0,1,0,0,0,4,"2,238","1,342",149.00
540,32,1,1,1,39,3,3,3,2,1,1,2,0,0,0,1,0,0,5,"11,760","7,056",1248.00
541,22,1,0,1,24,2,1,1,2,1,0,1,0,0,1,1,0,0,4,"2,039","1,631",-926.00
542,35,3,0,2,36,4,2,4,2,2,0,2,0,0,1,1,0,0,2,"5,842","4,089",666.00
543,21,1,0,1,18,2,3,2,2,1,1,1,0,0,0,1,0,0,2,"2,779","1,667",394.00
544,25,1,4,1,12,2,1,2,2,1,0,2,0,0,1,1,0,1,4,"1,484",890,-456.00
545,41,3,4,2,9,4,4,4,1,1,1,4,0,0,0,0,0,0,5,"1,244",995,138.00
546,29,3,0,1,24,2,1,1,3,1,0,4,0,0,1,1,0,0,2,"2,679","1,339",281.00
547,63,0,0,1,24,2,4,2,2,2,0,3,1,1,1,1,0,0,2,"2,924","2,046",488.00
548,26,0,0,1,18,0,4,1,2,1,1,1,0,0,0,0,0,0,3,"3,114","2,802",-1133.00
549,47,1,0,1,6,3,4,0,3,1,0,4,0,0,1,1,0,0,1,"1,209",967,-475.00
550,20,0,4,1,24,2,4,2,2,1,0,2,0,0,1,0,0,0,3,"2,996","2,696",-1242.00
551,27,3,4,1,10,2,4,2,1,1,0,4,1,0,1,0,0,0,1,"1,309",785,-396.00
552,37,0,0,2,6,4,3,3,2,1,0,4,0,0,1,0,1,0,1,609,609,119.00
553,30,1,0,2,26,2,3,1,2,1,0,2,0,0,1,0,0,0,2,"7,966","4,779",456.00
554,33,2,0,1,21,4,1,1,2,1,1,2,0,0,0,0,0,0,5,"2,319","1,159",-874.00
555,43,0,0,2,24,3,2,0,2,2,0,4,0,0,0,0,0,1,1,"1,333",799,-474.00
556,22,1,0,1,12,2,1,1,2,1,0,2,0,1,1,0,0,0,4,"1,331",798,-277.00
557,23,1,1,2,24,3,2,3,2,1,1,3,0,0,0,1,0,0,4,"1,553","1,242",193.00
558,24,3,0,2,15,4,3,3,2,1,0,2,0,1,1,0,0,0,3,"2,788","2,230",401.00
559,20,0,0,1,18,2,4,2,2,1,1,1,0,1,0,0,0,1,3,"2,039","1,223",-517.00
560,32,1,1,1,6,1,1,1,1,1,0,1,0,1,1,0,0,0,1,931,744,-441.00
561,22,0,2,1,24,1,4,2,2,1,0,4,0,1,1,1,0,1,3,"2,828","1,696",334.00
562,48,1,4,1,48,0,2,2,3,1,0,2,0,1,1,1,0,0,6,"12,204","12,204",3488.00
563,35,3,4,1,15,2,2,4,2,1,0,4,0,0,1,0,0,0,4,"1,979","1,781",445.00
564,47,3,0,3,12,2,4,4,2,2,0,4,0,1,1,1,0,0,5,"1,393","1,393",210.00
565,27,3,4,2,36,3,4,1,2,1,1,4,0,0,0,1,0,0,6,"7,980","5,586",-3503.00
566,22,0,0,1,14,2,4,0,2,1,0,1,0,0,0,0,0,0,1,"3,973","2,781",536.00
567,27,3,0,2,24,4,2,0,3,1,0,4,0,1,1,1,0,0,0,"6,314","5,682",1096.00
568,26,3,0,1,30,4,4,3,3,1,1,4,0,0,0,1,0,0,4,"4,530","2,718",593.00
569,34,3,4,1,60,2,4,2,2,2,0,4,0,0,0,1,0,0,1,"6,527","6,527",2161.00
570,50,3,2,1,6,2,4,2,2,1,1,2,0,0,0,0,0,0,2,"1,236",988,243.00
571,35,3,2,1,15,2,4,4,2,1,0,1,0,0,0,0,0,0,1,"5,324","3,194",629.00
572,63,3,4,2,30,4,4,4,2,1,0,1,0,0,1,0,0,0,2,"7,596","4,557",658.00
573,41,3,3,2,6,4,2,2,1,1,0,2,0,1,1,0,0,1,1,250,150,22.00
574,29,1,4,1,36,1,2,1,0,1,0,3,0,1,1,0,0,0,0,"3,990","3,990",1326.00
575,28,0,0,2,13,4,1,1,1,1,0,3,0,1,1,0,0,0,6,"1,797",898,115.00
576,32,0,4,1,24,2,4,3,2,1,1,4,0,0,0,0,0,0,1,"1,285","1,156",-424.00
577,40,1,0,2,12,2,3,4,1,1,0,3,1,1,1,0,0,1,4,"1,155","1,039",187.00
578,25,0,4,1,24,2,4,2,2,1,1,4,0,0,0,0,0,1,1,"1,371","1,096",-388.00
579,35,1,3,1,18,2,2,2,1,1,0,4,0,0,1,1,0,0,6,"1,941","1,358",359.00
580,22,3,1,1,9,2,4,1,2,1,1,2,0,0,0,0,0,0,3,"2,301","2,301",722.00
581,24,0,0,1,36,2,1,3,2,1,0,2,0,0,1,1,0,0,1,"9,271","6,489",-3149.00
582,54,1,0,1,36,3,2,2,2,1,1,2,0,0,0,0,0,0,1,"7,432","4,459",801.00
583,30,0,0,2,21,4,3,4,2,1,0,4,0,0,1,1,0,0,1,"1,602",961,124.00
584,48,0,0,2,12,0,4,2,2,1,0,4,0,1,1,0,0,0,1,"1,082",757,-337.00
585,35,1,4,1,21,2,3,3,2,1,0,2,0,0,1,1,0,0,3,"3,976","3,976",1113.00
586,33,3,1,1,24,2,3,1,2,1,0,4,0,0,1,1,0,1,1,"1,474",737,154.00
587,20,3,2,1,15,2,4,2,2,1,1,2,0,0,0,0,0,0,3,"2,221","1,554",400.00
588,40,1,3,2,11,4,4,2,2,1,0,4,0,0,1,0,0,0,1,"1,322","1,322",345.00
589,53,0,0,1,12,2,4,1,2,1,0,4,0,0,1,0,0,0,5,795,477,-413.00
590,31,3,4,1,36,3,2,3,3,2,0,3,0,1,1,1,0,0,2,"8,947","6,262",1377.00
591,20,0,0,1,12,2,2,2,3,2,1,2,0,0,0,1,0,1,4,"1,107",885,208.00
592,32,1,0,1,48,0,2,2,3,1,0,1,0,1,1,1,1,0,0,"18,424","12,896",-6960.00
593,46,0,0,2,12,1,2,1,2,1,0,4,0,1,1,1,0,0,1,697,348,-173.00
594,30,1,1,2,30,3,3,1,3,1,0,4,0,1,1,0,0,0,4,"1,919","1,535",-892.00
595,30,1,2,2,48,0,1,1,2,1,0,1,0,0,1,0,0,0,1,"8,358","7,522",1804.00
596,57,0,3,2,24,4,4,4,3,1,1,4,0,0,0,1,0,0,4,"1,231",738,76.00
597,26,1,4,1,30,2,1,2,2,1,0,4,0,0,1,0,0,0,4,"1,715","1,029",240.00
598,57,2,2,1,24,2,3,2,1,1,0,3,0,0,1,0,0,0,4,"1,258","1,006",250.00
599,25,0,0,2,15,4,3,2,2,1,1,4,0,0,0,0,0,0,3,"1,433",859,128.00
600,31,3,0,1,12,2,4,3,1,1,0,3,0,0,1,0,0,1,3,"1,736","1,388",339.00
601,53,3,2,1,24,2,4,4,2,1,0,3,0,0,1,0,0,0,3,"2,835","1,984",411.00
602,53,3,4,2,24,4,4,4,2,1,0,4,0,0,1,0,0,0,4,"2,424","1,212",151.00
603,39,3,0,1,6,0,4,4,1,1,0,4,0,0,1,0,0,0,4,426,383,117.00
604,31,3,0,1,48,4,3,2,2,1,0,1,0,1,0,1,0,0,5,"6,110","4,888",1392.00
605,39,3,2,1,36,2,4,4,2,1,0,4,0,0,1,0,0,0,4,"2,299","2,069",597.00
606,52,1,4,1,12,2,1,0,3,1,0,2,0,0,1,1,0,0,4,"6,468","4,527",-2129.00
607,29,3,0,1,12,2,2,1,2,1,0,2,0,1,1,0,0,0,4,"2,171","1,953",592.00
608,34,0,0,1,42,2,3,1,2,1,0,4,0,0,1,0,0,0,4,"3,965","2,775",-1203.00
609,27,1,0,2,18,4,1,1,2,1,0,4,0,0,1,0,0,0,3,"1,295",777,82.00
610,61,3,4,1,12,4,2,3,2,1,0,4,0,0,1,0,0,0,5,"2,012","1,207",215.00
611,39,3,0,2,18,1,4,4,3,2,0,2,0,1,1,1,0,0,1,"6,458","6,458",-2804.00
612,30,0,4,1,42,2,3,3,3,1,0,4,0,0,1,1,0,0,4,"7,174","5,739",-3167.00
613,40,0,0,1,12,2,2,2,1,1,0,4,0,0,1,0,0,1,4,701,420,93.00
614,27,3,3,2,27,3,2,2,2,1,0,2,0,0,1,0,0,0,2,"8,613","7,751",1442.00
615,39,0,0,2,6,4,4,4,2,1,0,1,0,0,1,1,0,0,1,860,688,111.00
616,48,0,1,2,9,4,4,4,2,2,0,3,1,0,1,0,1,1,0,"1,288","1,159",252.00
617,33,0,0,1,18,2,2,0,2,1,0,4,0,0,1,0,0,0,3,"1,131",678,-313.00
618,42,0,0,1,12,2,1,2,2,1,0,2,0,0,1,0,0,0,3,"2,577","2,061",502.00
619,74,1,0,1,9,1,4,4,3,2,0,2,0,1,0,1,0,0,2,"5,129","3,077",-1488.00
620,28,3,0,2,6,4,1,2,2,1,0,1,0,0,1,1,0,0,4,"1,382","1,243",237.00
621,43,3,0,3,12,4,4,4,2,1,0,4,0,0,1,1,0,1,3,"1,935","1,548",124.00
622,31,0,0,1,18,0,1,3,2,1,0,3,0,1,1,1,0,0,6,"3,104","2,483",724.00
623,27,1,3,2,48,2,2,3,2,1,0,1,0,1,1,1,0,0,4,"10,961","7,672",-3241.00
624,23,1,4,1,6,2,2,0,0,1,0,1,0,0,1,1,0,0,1,"14,555","11,644",-5406.00
625,52,3,0,3,12,4,4,4,2,1,0,4,0,0,1,0,0,1,4,717,573,79.00
626,35,3,0,2,24,4,2,2,1,1,0,4,0,0,1,0,0,1,4,"2,684","1,342",106.00
627,36,3,4,2,36,4,4,4,2,1,0,4,0,0,1,0,0,1,6,"6,304","4,412",681.00
628,26,3,0,2,18,4,2,2,2,1,0,2,0,0,1,0,0,0,4,"2,404","1,923",380.00
629,26,0,0,1,48,2,3,3,2,2,0,4,0,0,1,0,0,0,2,"4,788","2,394",472.00
630,20,3,4,1,12,2,4,1,2,1,1,1,0,0,0,0,0,0,2,"4,675","2,805",673.00
631,24,3,4,1,30,2,4,3,1,1,1,2,0,1,0,0,0,0,2,"4,811","3,848",1076.00
632,38,0,0,1,12,2,3,2,1,2,0,2,1,0,1,0,0,0,3,708,708,242.00
633,49,3,4,1,12,4,4,4,2,1,1,2,0,0,0,1,0,0,3,"5,801","3,480",747.00
634,23,1,0,1,13,2,4,1,1,1,0,2,1,0,1,0,0,0,4,"2,101","2,101",688.00
635,23,1,0,2,13,4,4,1,2,1,0,4,1,0,1,0,0,1,4,882,441,60.00
636,49,3,4,1,12,4,4,4,2,1,0,1,0,0,1,1,0,1,4,"2,331","1,165",228.00
637,27,3,0,2,18,4,1,3,2,1,0,3,0,0,1,0,0,0,2,"3,850","2,695",324.00
638,34,3,0,2,18,3,3,0,2,1,0,2,0,0,1,0,0,1,4,"2,320","2,088",348.00
639,21,3,4,1,18,2,2,1,2,1,1,4,0,0,0,1,0,1,4,"1,126",675,120.00
640,55,0,0,1,12,2,4,0,3,1,0,3,0,0,0,0,0,0,3,"2,578","1,546",318.00
641,43,3,4,2,24,4,4,3,2,2,0,4,0,0,1,1,0,0,2,"2,197","1,098",139.00
642,33,0,0,1,12,2,1,1,1,2,0,4,0,0,1,0,0,1,1,"2,579","2,321",-1291.00
643,29,3,0,2,28,4,2,4,2,1,0,4,0,0,1,0,0,0,4,"2,743","2,194",392.00
644,23,3,2,1,6,2,4,3,1,1,1,2,0,0,0,0,0,1,0,660,660,200.00
645,34,0,0,1,36,2,4,1,2,1,0,4,0,0,1,1,0,0,1,"1,842","1,289",-599.00
646,36,0,0,2,11,4,2,2,2,2,1,2,0,0,0,0,0,1,1,"3,905","3,514",636.00
647,29,0,0,1,24,3,2,1,1,1,1,4,0,0,0,1,0,0,4,"1,659","1,493",-819.00
648,24,3,2,1,39,2,4,2,2,1,0,4,0,0,1,0,0,0,2,"2,569","2,312",557.00
649,52,3,0,1,12,2,4,2,2,1,0,2,0,0,1,1,0,0,4,"3,077","2,769",674.00
650,29,1,1,1,36,2,1,1,3,1,1,4,0,0,0,1,0,0,3,"9,034","7,227",-3545.00
651,36,2,2,1,15,4,2,2,2,1,0,2,0,0,1,1,0,0,2,"2,360","1,652",329.00
652,40,0,0,1,6,4,4,1,1,2,0,2,0,0,1,0,1,1,1,"1,361","1,224",291.00
653,31,3,1,1,15,4,3,2,2,1,0,4,0,0,1,0,0,0,5,"1,532",766,126.00
654,75,0,4,1,6,2,3,0,3,1,0,4,0,0,1,1,0,0,1,"1,374","1,374",440.00
655,37,3,0,1,24,4,4,2,2,1,0,4,0,0,1,1,0,0,1,"2,022","1,617",446.00
656,28,1,1,2,18,0,3,1,2,1,0,3,0,0,1,0,0,0,1,"2,278","1,822",-868.00
657,36,0,0,1,12,2,3,3,2,1,0,2,0,0,1,0,0,0,1,"1,372","1,234",-428.00
658,27,1,0,1,12,2,1,3,2,1,0,2,0,0,1,0,0,1,4,"2,930","2,051",492.00
659,36,0,0,2,9,4,2,2,2,2,1,2,0,0,0,0,0,1,1,"2,799","1,399",150.00
660,23,0,0,2,24,2,4,3,2,1,1,4,0,0,0,0,0,0,1,"1,442","1,009",-595.00
661,74,3,0,1,24,4,2,2,3,1,0,3,0,0,1,1,0,1,6,"4,526","2,263",336.00
662,27,1,4,1,60,3,2,2,3,1,0,2,0,0,0,0,0,0,4,"9,157","9,157",2992.00
663,41,2,0,1,6,2,2,2,2,1,0,2,0,0,1,1,0,1,3,"2,116","1,692",476.00
664,28,3,2,1,24,2,1,3,2,1,0,4,0,0,1,0,0,0,4,"1,376",963,239.00
665,32,0,0,2,30,0,2,2,2,1,0,2,1,0,1,0,0,1,3,"4,583","3,208",534.00
666,41,1,0,1,12,2,4,4,1,2,0,4,0,1,1,0,0,0,1,888,799,-311.00
667,34,1,3,1,30,1,2,2,2,2,0,4,0,1,1,1,0,0,3,"3,496","2,796",692.00
668,33,3,0,1,24,4,4,4,2,1,0,4,0,0,1,1,0,0,3,"5,150","3,605",876.00
669,27,2,4,2,10,4,2,3,2,1,0,4,0,0,1,1,0,0,4,"1,347",942,173.00
670,29,1,0,2,12,2,3,3,2,1,0,4,1,0,1,0,1,1,4,"1,103",882,123.00
671,24,1,1,1,48,2,2,3,2,1,0,3,0,0,1,0,0,0,1,"6,560","5,904",-2623.00
672,40,3,4,2,30,4,2,4,2,2,0,3,0,0,1,1,0,0,4,"3,077","1,538",112.00
673,47,3,2,2,15,4,2,2,1,1,0,2,0,0,1,0,0,0,4,"1,316",921,135.00
674,23,1,0,2,24,2,4,2,3,1,1,1,0,0,0,0,0,0,2,"11,560","9,248",-4648.00
675,23,0,0,1,15,2,4,0,2,1,1,1,0,0,0,0,0,0,1,"2,511","1,757",350.00
676,74,2,0,3,6,4,1,2,0,2,0,1,0,0,1,0,1,1,1,"1,299",909,109.00
677,31,0,0,1,30,2,4,1,1,1,0,2,0,0,1,0,0,0,3,"3,108","2,797",-1444.00
678,37,3,0,2,36,4,4,3,2,1,0,4,0,0,1,1,0,0,1,"3,535","3,181",710.00
679,40,3,2,1,22,2,4,4,2,1,0,3,0,0,1,0,0,0,4,"2,675","1,605",289.00
680,51,0,4,1,18,2,4,4,2,2,0,1,0,0,0,1,0,0,2,"7,511","5,257",-1602.00
681,26,1,0,1,6,2,3,1,1,1,0,3,0,0,1,0,1,1,4,590,413,111.00
682,62,3,2,1,6,2,4,2,2,1,0,1,0,0,1,0,0,1,0,"1,338",936,181.00
683,33,0,0,3,18,4,4,4,2,1,1,1,0,1,0,1,0,1,1,"3,966","3,569",-1955.00
684,21,3,4,1,12,2,2,2,2,1,0,4,0,0,1,0,0,0,4,886,797,197.00
685,68,3,4,2,18,2,4,2,2,1,1,2,0,0,0,0,0,0,1,"6,761","4,056",-1421.00
686,40,3,4,1,10,2,3,3,2,1,0,4,0,0,1,1,0,0,0,894,715,162.00
687,27,0,0,1,18,2,1,1,2,1,0,4,0,1,1,0,0,0,4,"2,389","2,150",676.00
688,36,0,0,1,18,1,4,1,3,1,0,3,0,1,0,1,0,0,4,"1,940",970,141.00
689,34,1,4,2,24,4,3,3,2,2,0,4,0,0,1,1,0,0,6,"2,825","2,260",405.00
690,28,0,0,1,21,2,4,1,3,1,1,4,0,0,0,1,0,0,4,"2,606","2,084",507.00
691,24,0,4,1,21,2,2,3,1,1,0,2,0,0,1,0,1,1,1,"3,763","3,763",1324.00
692,32,3,1,1,10,2,2,2,2,2,0,1,0,0,1,0,0,1,2,"2,848","1,993",396.00
693,21,0,0,1,18,4,4,1,2,1,1,4,0,0,0,0,0,0,3,"1,049",944,286.00
694,28,2,0,1,9,2,2,2,1,1,0,3,0,0,1,0,0,1,4,745,447,-200.00
695,30,0,2,1,24,1,4,1,2,2,0,4,0,0,0,1,0,0,3,"3,349","2,009",-615.00
696,49,2,4,2,30,4,4,4,1,1,0,4,0,1,1,0,0,0,4,"3,656","3,290",651.00
697,23,1,2,2,27,4,2,2,1,1,0,4,0,0,1,0,0,0,4,"2,520","2,016",-647.00
698,64,1,0,1,6,2,3,2,2,1,0,2,1,0,1,0,0,1,4,753,376,69.00
699,33,2,0,2,42,0,1,1,2,1,0,2,0,0,1,0,0,0,6,"6,289","3,144",258.00
700,40,0,0,1,30,2,4,2,3,1,0,4,0,0,1,1,0,0,2,"3,857","3,471",1057.00
701,35,1,0,1,36,2,2,2,3,1,1,2,0,0,0,1,0,0,2,"6,948","4,863",1231.00
702,25,0,4,3,30,0,3,1,2,1,0,2,0,1,1,0,0,0,6,"8,072","5,650",351.00
703,42,2,3,2,12,1,3,2,2,1,1,3,0,0,0,0,0,1,4,409,327,60.00
704,37,2,0,1,18,2,2,2,2,1,0,4,0,1,1,0,0,1,4,"2,100","1,890",-832.00
705,23,0,2,1,6,2,2,0,0,1,1,1,0,0,0,1,0,0,2,"1,352",811,141.00
706,31,3,0,2,36,4,2,2,2,1,0,2,0,1,1,0,0,0,4,"9,566","7,652",1185.00
707,22,1,3,1,12,2,1,2,2,1,0,4,0,0,1,0,0,1,1,"1,007",805,174.00
708,51,1,0,1,11,3,4,3,2,1,0,2,0,0,1,0,0,0,4,"4,771","3,816",864.00
709,47,1,1,1,36,2,4,2,2,2,0,1,0,0,0,1,0,0,5,"12,612","6,306",-4459.00
710,34,1,1,1,18,2,4,2,2,1,0,4,0,0,1,0,0,0,6,"2,622","2,359",580.00
711,32,1,0,1,12,2,2,3,2,1,0,2,0,0,1,0,0,0,1,"6,078","5,470",1702.00
712,27,0,4,2,10,4,3,1,2,1,1,2,0,0,0,0,1,1,3,"2,132","1,492",229.00
713,30,1,0,1,12,2,2,2,2,1,0,4,0,0,1,0,0,0,0,639,639,-330.00
714,66,1,2,1,12,2,3,2,1,1,0,4,0,0,1,0,0,1,4,766,689,-368.00
715,51,3,1,2,12,4,3,3,2,1,0,4,0,0,1,1,0,0,1,682,682,172.00
716,45,0,0,1,12,1,1,4,1,1,0,4,0,1,1,0,0,0,0,339,271,59.00
717,20,1,3,1,11,2,1,1,2,1,0,4,0,0,1,0,0,1,3,"1,577",946,170.00
718,52,0,2,2,6,4,4,4,2,1,0,4,0,0,1,0,0,0,4,338,202,22.00
719,68,1,0,3,16,4,3,0,0,1,0,2,0,0,0,1,0,0,1,"1,175",705,34.00
720,27,1,1,4,12,2,4,1,2,1,1,4,0,1,0,0,0,0,3,951,570,-263.00
721,26,1,0,1,12,4,3,3,2,1,0,4,0,0,1,0,0,0,0,"1,424","1,424",390.00
722,23,2,0,1,36,2,2,2,2,1,0,2,0,0,1,1,0,1,4,"3,913","3,130",899.00
723,53,0,0,1,12,2,4,4,3,1,0,4,0,0,0,1,0,0,3,"7,865","5,505",-2364.00
724,61,1,1,2,21,2,2,4,1,1,1,4,0,1,0,0,0,0,6,"2,767","2,490",-2105.00
725,35,3,1,1,6,0,1,2,2,1,1,4,0,1,0,0,1,0,1,"1,204",722,147.00
726,29,0,0,1,12,1,1,2,2,1,0,4,0,0,0,0,0,0,4,"2,149","2,149",-1220.00
727,38,3,0,1,24,2,3,1,2,1,0,4,0,1,1,1,0,0,4,"1,533","1,379",389.00
728,49,0,4,1,12,2,4,4,1,1,0,2,0,0,1,1,0,0,3,"1,262","1,262",436.00
729,31,1,1,1,48,3,4,0,3,1,0,2,0,0,0,1,0,0,0,"7,582","6,065",1366.00
730,45,3,4,1,10,2,2,4,1,1,0,4,0,0,1,0,1,0,1,"1,287","1,158",306.00
731,33,0,1,1,12,2,3,1,1,1,0,4,0,0,1,1,0,0,4,727,654,-340.00
732,48,1,4,1,24,2,4,2,1,1,0,1,0,0,1,1,0,0,3,"4,351","3,045",663.00
733,34,3,3,1,24,2,3,3,2,2,0,4,0,0,1,1,0,0,1,"1,525","1,372",347.00
734,24,0,4,1,15,2,2,2,2,1,1,4,0,0,0,0,0,0,0,"1,275",637,-222.00
735,23,1,2,1,24,2,4,0,0,1,1,1,0,0,0,0,0,0,4,"3,758","2,254",384.00
736,26,3,0,2,36,3,2,2,3,1,0,4,0,0,1,1,0,0,4,"4,463","3,124",-1012.00
737,22,0,0,1,18,2,4,1,2,1,1,1,0,0,0,0,0,0,3,"3,650","2,920",799.00
738,36,3,4,1,7,3,4,4,2,1,0,3,0,0,0,0,0,0,4,846,423,77.00
739,40,1,0,2,18,4,4,0,3,1,0,4,0,1,1,1,0,0,3,"7,374","6,636",1159.00
740,46,0,0,2,36,4,2,2,2,1,0,3,0,0,1,1,0,0,3,"2,348","1,408",201.00
741,27,0,0,1,15,2,2,1,2,1,0,4,0,0,1,0,1,1,4,"1,053",631,119.00
742,23,0,4,2,18,3,2,2,2,1,1,1,0,0,0,1,0,0,5,"8,471","4,235",463.00
743,46,3,3,2,18,4,3,2,2,1,0,4,0,0,1,0,0,1,4,"1,149",804,98.00
744,37,3,3,2,24,4,4,4,2,1,0,4,0,0,1,1,0,1,1,"1,287","1,158",280.00
745,35,1,0,1,7,2,2,2,2,1,0,2,1,0,1,0,0,1,4,"2,576","2,318",692.00
746,35,0,0,1,12,2,4,4,2,1,0,3,0,0,0,1,0,0,2,"3,386","3,047",-1723.00
747,32,3,4,2,48,3,3,4,2,2,0,3,0,1,1,0,0,0,4,"7,238","5,790",907.00
748,25,2,0,1,24,2,2,3,2,1,0,4,0,1,1,0,0,0,4,"5,152","2,576",377.00
749,62,3,0,1,24,2,4,4,2,1,0,4,0,0,0,1,0,0,1,"3,757","2,629",697.00
750,40,3,0,2,24,4,3,3,2,1,0,4,0,0,1,0,0,0,3,"1,585","1,268",196.00
751,34,1,1,1,15,1,2,0,3,2,0,1,0,0,1,1,0,0,1,"6,850","3,425",-1718.00
752,23,3,0,2,36,4,4,1,2,1,1,2,0,0,0,1,0,0,3,"7,127","4,988",-1596.00
753,42,3,0,2,4,4,1,3,1,2,0,2,0,0,1,0,0,1,4,"1,503","1,202",182.00
754,37,1,0,1,18,4,4,4,2,1,0,3,0,0,1,1,0,0,3,"3,612","3,250",1045.00
755,32,3,0,1,24,2,1,3,2,2,0,3,0,1,1,0,0,0,4,"1,552",931,158.00
756,29,3,4,2,21,0,4,2,2,1,0,1,0,1,1,1,0,0,1,"5,003","3,502",-1636.00
757,34,3,3,1,24,4,2,4,2,1,0,2,0,0,1,0,0,0,4,"2,578","1,289",196.00
758,33,3,4,2,24,4,2,2,2,1,0,3,0,0,1,1,0,0,5,"1,927","1,156",193.00
759,21,0,0,1,12,2,1,2,1,1,0,4,1,0,1,0,0,0,3,"1,289",773,133.00
760,36,1,0,3,24,0,4,2,1,1,0,1,0,0,1,1,0,1,6,"4,241","3,816",-2676.00
761,50,1,1,1,36,2,4,2,2,1,0,4,0,0,0,0,0,0,4,"2,671","2,136",-927.00
762,37,0,0,3,6,4,3,2,2,2,1,1,0,0,0,0,0,1,1,"3,676","2,940",308.00
763,29,1,1,1,9,1,3,3,2,1,0,2,0,0,1,0,0,0,1,"1,437","1,005",-356.00
764,21,3,0,2,60,3,4,3,2,1,0,2,0,0,1,1,0,0,4,"15,653","7,826",937.00
765,26,3,2,1,12,2,2,2,2,1,0,2,0,0,1,0,0,0,1,"1,386","1,247",-605.00
766,37,3,4,1,48,2,3,3,2,1,0,4,0,1,1,1,0,0,4,"10,222","9,199",2951.00
767,27,3,0,1,48,1,1,2,2,1,0,1,0,1,1,0,0,1,6,"3,609","2,165",473.00
768,24,1,1,1,72,2,2,2,2,1,0,2,0,0,1,0,0,0,4,"5,595","3,916",-2321.00
769,30,1,1,1,36,3,3,4,2,1,0,4,0,0,0,0,0,0,1,"2,862","2,862",782.00
770,38,3,0,1,12,4,2,0,0,1,0,1,0,0,1,0,0,0,1,926,740,163.00
771,25,1,0,2,12,0,3,1,2,1,1,4,0,0,0,0,0,0,3,"2,969","1,484",-647.00
772,32,3,0,1,18,2,2,2,3,1,0,4,0,0,0,1,0,0,4,"1,505","1,354",419.00
773,25,0,0,2,18,2,4,2,2,1,1,4,0,1,0,0,0,0,4,"1,882","1,317",-576.00
774,35,0,1,1,18,2,4,2,1,2,0,3,0,0,1,1,0,0,1,"4,380","3,504",783.00
775,37,0,0,1,12,2,1,1,1,1,0,3,0,0,1,0,0,1,1,"1,274",637,-268.00
776,39,2,4,2,15,4,4,2,2,1,0,3,0,0,0,1,0,0,4,"1,271",762,-256.00
777,31,3,4,1,10,2,4,1,2,1,1,1,0,0,0,0,0,1,2,"2,901","1,740",373.00
778,25,0,0,1,18,2,1,3,2,1,0,4,1,0,1,0,0,1,4,"3,509","2,105",502.00
779,38,3,4,2,48,4,3,4,2,2,0,4,0,0,1,1,0,0,2,"2,751","1,925",361.00
780,22,3,0,2,12,4,4,1,1,1,1,2,0,0,0,0,0,0,3,"1,258","1,006",204.00
781,65,3,4,4,12,4,4,4,2,1,0,4,0,0,1,0,0,1,4,930,837,49.00
782,24,3,0,2,6,4,2,3,2,1,1,1,0,0,0,1,0,0,4,"1,554","1,554",346.00
783,36,3,0,2,18,0,2,2,2,2,0,2,0,1,1,0,0,0,6,"4,165","3,748",-3135.00
784,23,3,0,1,4,2,3,1,1,2,1,1,0,0,0,0,0,1,3,601,601,191.00
785,28,3,0,1,24,2,2,1,2,1,0,4,0,0,1,0,0,1,1,"1,249",749,176.00
786,28,3,0,1,15,4,2,2,2,1,0,4,0,0,0,1,0,0,3,"3,343","1,671",357.00
787,42,3,0,1,12,4,4,4,2,1,0,2,0,1,1,0,0,0,3,"3,331","2,331",564.00
788,28,3,0,1,36,2,2,4,2,1,0,4,0,0,1,0,0,0,4,"3,595","2,876",790.00
789,23,1,0,1,48,2,2,2,2,1,0,2,0,0,1,1,0,0,6,"15,672","14,104",-12029.00
790,35,3,3,1,12,4,2,3,2,1,0,3,0,0,1,0,1,0,3,"1,592",955,167.00
791,27,1,4,1,36,2,2,2,2,1,0,2,0,0,1,0,0,0,5,"3,711","2,597",521.00
792,68,0,0,1,6,2,4,4,3,1,0,1,0,1,1,1,0,0,1,"14,896","13,406",-7231.00
793,39,0,0,3,48,2,4,3,2,2,0,4,0,1,0,1,0,0,2,"10,297","7,207",-4283.00
794,30,1,0,1,6,2,3,1,3,1,1,4,0,0,0,1,0,0,4,"2,063","2,063",659.00
795,38,3,4,1,12,2,4,0,3,1,0,4,0,0,1,1,0,0,1,"2,859","2,287",509.00
796,37,1,0,3,9,4,4,4,1,1,0,2,0,0,1,0,0,1,4,"1,154",692,41.00
797,54,3,0,1,15,2,2,4,3,1,1,4,0,1,0,1,0,0,4,"3,568","3,568",1238.00
798,42,1,4,2,18,3,2,4,2,1,0,4,0,0,1,0,0,0,6,"2,427","2,184",485.00
799,64,3,1,1,13,2,4,0,2,1,0,2,0,0,1,0,0,1,4,"1,409",845,197.00
800,38,3,0,1,12,2,4,4,2,1,0,4,0,0,1,0,0,0,4,804,402,61.00
801,61,3,3,1,12,2,4,3,1,1,0,2,0,0,1,0,0,1,4,"3,059","2,447",540.00
802,44,1,0,1,24,2,2,4,3,1,0,4,0,0,0,1,0,0,2,"12,579","10,063",-3320.00
803,34,1,0,1,7,2,2,2,2,1,0,3,1,0,1,0,0,1,4,"2,415","2,173",578.00
804,37,2,0,1,10,2,2,2,2,1,0,2,0,0,1,1,0,0,0,"1,225",612,102.00
805,39,3,0,2,11,4,4,2,1,1,0,1,0,0,1,0,0,0,1,"7,228","6,505",1165.00
806,23,2,0,1,18,2,2,4,3,1,0,3,0,0,1,0,0,0,1,"1,961","1,961",659.00
807,37,3,0,1,36,2,4,2,2,1,0,4,0,1,0,1,0,0,5,"1,819",909,-637.00
808,39,3,4,1,54,0,2,2,1,2,0,2,0,0,1,0,0,0,2,"9,436","7,548",1677.00
809,30,0,1,1,18,2,3,3,3,2,0,4,0,0,1,1,0,0,1,"2,249","1,574",421.00
810,36,1,0,1,36,4,4,4,2,1,0,4,0,0,1,0,0,1,4,"2,337","2,337",698.00
811,30,0,4,1,24,2,2,1,2,1,0,1,0,0,1,1,1,0,3,"7,721","4,632",993.00
812,23,0,2,2,33,4,4,2,2,1,0,1,0,0,1,0,0,0,3,"4,281","2,996",-1312.00
813,34,1,0,2,12,4,2,0,3,1,0,4,0,0,1,1,0,0,2,"1,860","1,302",211.00
814,35,1,4,3,15,4,2,3,2,1,0,4,1,1,1,1,0,1,4,"2,728","2,728",362.00
815,28,0,0,2,36,4,2,2,2,1,0,3,1,0,1,0,0,0,3,"5,371","4,833",1137.00
816,38,1,1,2,24,2,3,3,2,1,0,2,0,1,1,1,0,0,1,"3,512","3,160",561.00
817,25,3,0,1,24,2,4,3,2,1,1,2,0,0,0,1,0,0,3,"3,972","2,383",396.00
818,31,3,0,2,12,2,2,3,3,2,1,4,0,0,0,1,0,0,4,"1,963","1,177",172.00
819,20,0,1,1,12,2,1,3,2,1,0,4,0,0,1,0,0,0,4,674,606,-211.00
820,36,1,4,1,24,2,4,4,2,1,0,4,0,1,0,1,0,0,2,"2,760","1,656",394.00
821,21,0,0,1,24,2,2,2,1,1,0,2,0,1,1,0,0,0,6,"6,568","5,911",1750.00
822,24,0,0,1,24,2,2,2,1,1,1,2,0,0,0,0,0,1,3,"3,021","2,114",402.00
823,22,3,0,1,9,2,2,3,2,1,0,4,0,0,1,0,0,0,4,"1,478","1,034",-372.00
824,35,3,0,2,12,4,2,2,2,1,0,4,0,0,1,0,0,0,4,"1,291",903,173.00
825,26,2,0,1,24,2,2,2,2,1,0,2,0,0,1,0,0,1,3,"1,925","1,732",535.00
826,23,3,1,1,15,2,4,1,2,1,0,1,0,0,1,1,0,0,2,"3,812","3,812",1205.00
827,45,0,0,1,14,2,4,4,3,1,0,1,0,0,1,1,1,0,1,"8,978","7,182",-3830.00
828,32,3,0,1,6,2,4,1,2,1,0,1,0,0,1,0,0,0,3,"4,611","2,766",-1336.00
829,49,1,0,2,12,2,4,2,2,1,0,4,1,0,1,1,0,1,4,"1,092",764,94.00
830,43,3,0,1,18,2,4,2,2,1,0,3,0,0,1,1,0,1,3,"2,515","1,257",235.00
831,24,1,0,1,8,2,4,2,2,1,0,3,0,0,1,0,0,1,3,"1,237",989,-430.00
832,32,3,0,2,12,4,2,2,2,1,0,4,0,0,1,0,0,0,5,701,350,49.00
833,31,2,0,1,36,2,2,4,2,1,0,4,0,0,1,0,0,0,4,"4,473","4,473",1355.00
834,28,0,0,1,24,2,4,2,2,1,0,4,0,0,1,0,0,0,3,"4,169","2,501",599.00
835,34,3,1,2,6,3,2,2,1,1,0,1,0,0,1,0,0,1,6,"1,743","1,045",135.00
836,28,3,0,1,12,2,2,2,2,1,0,4,0,0,1,0,0,1,4,776,543,104.00
837,42,0,0,1,36,2,2,4,2,2,0,4,0,0,1,0,0,0,3,"3,446","3,101",-1708.00
838,57,1,0,1,36,2,2,4,3,1,0,4,0,0,0,1,0,0,1,"14,318","11,454",-5352.00
839,27,1,2,1,15,4,4,2,2,1,0,2,0,1,1,0,0,0,6,"2,326","1,860",519.00
840,46,1,0,2,12,2,1,4,2,1,1,1,0,0,0,0,0,1,1,"1,223",856,-335.00
841,26,3,2,1,24,2,2,4,3,1,0,3,0,0,1,1,0,0,4,"3,235","1,617",258.00
842,31,3,2,1,21,2,2,3,3,1,0,1,0,1,1,0,0,0,1,"2,782","1,669",366.00
843,20,3,0,1,9,2,4,4,2,1,0,1,0,0,1,0,0,0,3,"1,313",787,154.00
844,65,0,0,2,42,4,4,0,0,1,0,4,0,0,1,0,0,0,0,"3,394","2,036",258.00
845,55,2,4,1,12,2,4,4,3,1,0,3,0,0,1,1,0,1,3,"1,424",854,199.00
846,27,0,0,1,6,2,1,1,2,1,0,4,0,0,1,0,0,1,0,343,308,98.00
847,26,3,0,2,33,3,2,2,2,1,0,2,0,0,1,1,0,0,6,"2,764","1,658",189.00
848,39,1,1,1,12,2,4,3,1,1,0,3,0,0,1,0,0,1,6,"1,037",622,116.00
849,35,3,1,1,10,2,2,2,1,1,1,3,0,0,0,0,1,1,1,"1,418",992,206.00
850,32,1,0,1,18,2,2,4,1,1,0,4,1,0,1,0,0,1,4,"1,301",650,121.00
851,28,3,0,1,24,2,2,2,2,1,0,4,0,0,1,0,0,0,4,"1,413","1,413",426.00
852,43,0,1,1,6,2,2,4,2,1,0,3,0,0,1,1,0,0,1,"1,203",842,162.00
853,31,0,0,1,36,2,4,2,2,1,1,4,0,0,0,0,0,0,4,"2,302","1,841",-888.00
854,42,0,0,1,48,2,4,4,3,1,0,4,0,1,0,0,0,0,1,"7,763","5,434",-2226.00
855,24,0,0,1,12,1,4,2,1,1,0,4,0,1,1,0,0,1,4,626,563,-231.00
856,27,0,0,1,24,1,4,3,2,1,0,3,0,1,1,0,0,0,3,"3,552","1,776",-894.00
857,41,1,4,2,48,2,1,3,2,2,0,4,0,0,1,1,0,0,4,"3,979","2,785",481.00
858,27,1,0,2,36,4,4,1,2,1,0,4,0,0,1,0,0,0,1,"2,820","2,256",-1037.00
859,47,0,0,1,18,2,3,2,1,1,0,4,0,0,1,1,0,1,0,"1,217",973,-395.00
860,31,3,0,2,18,4,2,3,2,1,0,2,0,1,1,0,0,0,1,"2,775","2,220",-689.00
861,33,3,0,1,18,2,1,1,2,1,0,4,0,0,1,0,0,1,4,"2,051","1,435",343.00
862,21,1,1,1,30,2,4,2,2,1,1,2,0,0,0,0,0,0,3,"3,441","2,752",-1151.00
863,36,3,2,2,42,4,4,2,2,1,0,4,0,0,1,1,0,1,3,"4,042","3,233",650.00
864,34,3,0,1,12,2,3,1,2,2,0,4,0,0,1,0,0,0,4,"1,493","1,045",266.00
865,38,2,0,1,24,2,3,3,2,2,0,4,0,1,0,0,0,0,1,947,947,-411.00
866,28,1,0,2,30,0,1,2,2,1,0,2,0,0,1,0,0,0,6,"4,221","2,954",414.00
867,43,0,0,2,12,4,4,4,2,1,1,3,0,0,0,1,0,0,1,"4,843","4,358",-1482.00
868,64,0,0,1,24,2,4,4,1,1,1,4,0,1,0,0,0,1,4,"2,384","1,430",322.00
869,35,3,1,1,9,2,4,4,2,1,0,3,0,0,1,1,0,0,4,"2,753","2,202",503.00
870,24,3,0,2,18,4,2,2,2,1,0,4,0,0,1,0,0,0,4,"1,800","1,440",233.00
871,25,1,0,1,9,2,4,4,2,1,0,4,0,0,1,0,0,1,4,"1,206","1,085",296.00
872,31,2,4,2,24,4,2,2,2,1,0,3,0,0,1,1,0,0,4,"3,148","1,574",135.00
873,59,1,0,1,48,1,3,4,2,1,1,4,0,0,0,0,0,0,6,"6,416","6,416",-3914.00
874,45,3,0,2,6,4,3,3,3,2,0,1,0,0,1,1,0,0,1,"6,761","6,084",1037.00
875,26,3,4,1,21,2,3,2,2,1,0,1,0,0,1,0,0,0,2,"5,248","2,624",487.00
876,31,3,0,1,24,2,2,2,2,1,0,2,1,0,1,1,0,1,1,"1,393",835,178.00
877,28,1,0,3,12,4,4,4,2,1,1,1,0,0,0,1,0,0,3,"3,617","3,255",535.00
878,38,3,3,2,36,4,2,4,3,1,0,4,0,0,1,1,0,0,2,"5,711","4,568",987.00
879,50,1,0,1,48,3,4,4,2,1,0,4,0,0,0,0,0,0,5,"6,224","4,979",-4477.00
880,54,3,4,2,24,3,4,4,2,1,0,4,0,0,1,1,0,0,1,717,501,83.00
881,55,1,0,1,42,1,2,0,3,1,0,1,0,1,0,1,0,0,2,"9,283","8,354",2423.00
882,43,0,0,1,36,2,3,0,3,1,0,2,0,0,1,0,0,0,0,"15,857","15,857",4387.00
883,47,0,4,1,36,2,4,4,2,1,0,3,0,0,0,0,0,0,2,"8,335","5,001",-2571.00
884,63,0,0,2,24,4,4,4,2,1,0,4,0,0,1,1,0,0,2,"2,957","1,774",277.00
885,59,0,0,1,9,2,4,3,2,1,0,3,0,0,1,0,0,1,4,"1,364","1,091",276.00
886,29,0,0,1,15,2,2,2,2,1,0,3,0,0,1,1,0,0,1,"3,959","2,771",-1073.00
887,37,3,4,2,36,2,2,4,2,1,0,3,0,0,1,0,0,0,6,"7,409","4,445",671.00
888,27,0,0,1,9,2,2,1,3,1,0,3,0,0,0,1,0,0,1,"1,422",995,-316.00
889,34,3,0,2,36,4,4,4,3,1,0,4,0,0,1,1,0,0,1,"6,614","3,307",261.00
890,33,3,4,1,15,2,4,3,1,1,1,1,0,1,0,0,0,1,3,"2,186","1,530",374.00
891,46,3,0,2,15,3,2,1,1,1,0,1,0,0,1,0,0,0,2,"3,594","3,594",824.00
892,33,0,1,1,24,2,1,0,2,1,0,1,0,0,1,0,0,0,3,"2,359","2,123",-1023.00
893,58,3,4,1,30,2,4,4,2,1,0,4,0,0,1,1,0,0,4,"1,867","1,120",242.00
894,42,1,0,1,60,2,4,2,2,1,0,4,0,0,0,0,0,0,5,"6,288","5,659",-3994.00
895,43,3,0,1,18,2,1,1,1,2,0,4,0,0,1,0,0,0,3,"1,533","1,073",-566.00
896,45,0,0,1,28,2,2,2,1,1,0,3,0,0,1,0,0,0,1,"4,006","2,804",-1282.00
897,29,3,4,1,42,2,4,3,2,1,1,2,0,0,0,1,0,0,4,"7,166","5,016",1013.00
898,47,3,0,2,24,3,4,4,1,2,0,4,0,0,1,0,0,0,1,"2,538","2,284",-904.00
899,29,0,0,1,24,2,2,0,3,1,0,4,0,0,0,1,0,0,2,"6,579","3,947",794.00
900,23,0,0,1,45,2,4,2,2,1,0,4,0,0,0,1,0,0,4,"1,845","1,476",-884.00
901,28,1,0,2,30,4,2,0,3,1,0,4,0,0,1,0,0,0,1,"5,234","4,187",-1605.00
902,31,3,2,1,24,2,2,4,2,2,0,3,0,0,1,1,0,0,4,"3,430","2,401",637.00
903,63,0,0,2,60,3,4,4,2,1,0,3,0,0,1,1,0,0,6,"6,836","3,418",-2339.00
904,24,1,0,1,9,2,3,2,2,1,0,4,0,0,1,0,0,1,4,458,412,127.00
905,28,3,1,1,12,2,2,2,2,1,0,4,0,0,1,0,0,1,4,"2,073","1,243",224.00
906,23,0,0,2,36,4,4,1,1,1,1,4,0,0,0,1,0,0,3,"6,229","3,737",-1801.00
907,25,3,4,1,36,2,4,2,2,1,0,4,0,0,1,0,0,0,4,"2,394","1,436",283.00
908,22,1,0,1,30,2,1,1,2,1,0,2,0,0,1,0,0,0,3,"3,832","3,448",857.00
909,28,0,0,2,12,0,3,3,2,1,0,4,0,0,1,0,0,1,0,"1,108","1,108",-368.00
910,36,1,4,2,20,3,4,3,3,2,1,3,0,1,0,1,0,0,2,"7,057","5,645",807.00
911,35,1,2,1,14,2,2,4,2,1,0,1,0,0,1,1,0,1,6,"1,410",846,144.00
912,36,1,2,1,12,4,3,3,3,1,0,3,0,0,1,1,0,0,1,"2,366","2,366",810.00
913,29,0,0,2,12,4,2,2,2,1,0,3,0,0,1,0,0,1,1,"3,499","3,149",-1351.00
914,44,2,0,1,12,2,2,2,1,1,1,2,0,0,0,1,0,0,4,"1,881","1,128",264.00
915,46,3,3,2,18,4,4,4,2,1,0,4,0,0,1,0,0,0,4,"1,582","1,582",344.00
916,34,3,4,2,6,4,2,2,1,2,0,1,0,0,1,0,0,1,4,"1,898","1,328",218.00
917,31,1,0,2,24,4,4,4,2,1,0,4,0,0,1,1,0,1,6,"1,935",967,-865.00
918,65,0,0,2,21,4,4,4,2,1,0,4,0,0,1,0,0,1,1,571,456,87.00
919,33,1,0,2,18,0,4,2,2,1,0,1,0,1,1,1,0,0,3,"3,244","2,919",702.00
920,40,1,0,1,18,3,3,4,3,1,0,4,0,0,1,1,0,0,3,"4,297","3,437",-1255.00
921,55,3,3,1,12,2,2,3,2,1,0,3,0,0,1,0,1,0,2,"1,413","1,271",384.00
922,64,3,0,1,10,2,4,2,2,1,0,2,0,0,1,1,0,0,1,"1,364","1,364",373.00
923,22,0,0,1,24,2,1,1,2,1,0,4,0,1,0,0,0,0,3,"3,149","1,889",323.00
924,39,0,0,1,30,2,3,4,2,2,0,1,1,0,1,0,0,0,4,"2,522","1,765",376.00
925,22,3,0,1,18,2,4,0,2,1,1,3,0,0,0,0,0,1,4,433,346,-116.00
926,57,3,1,3,11,4,4,0,1,1,0,4,0,0,1,0,0,1,4,"1,154","1,154",219.00
927,25,3,4,2,24,2,2,4,2,1,0,4,0,0,1,0,0,0,4,999,999,197.00
928,29,3,1,1,24,2,4,2,3,1,1,4,0,0,0,1,0,0,4,"1,901","1,330",310.00
929,48,0,0,1,24,3,4,1,2,1,0,4,0,1,1,0,0,1,4,"1,024",614,-325.00
930,32,1,3,2,21,4,2,3,2,1,0,3,0,0,1,1,0,0,3,"2,745","1,647",171.00
931,22,1,0,1,9,2,4,2,1,1,1,4,0,0,0,0,0,1,1,276,220,50.00
932,27,0,0,2,15,3,4,4,1,1,0,1,0,0,1,0,0,0,3,"3,643","3,643",855.00
933,28,1,0,1,6,2,4,4,2,2,0,4,0,0,1,0,0,0,4,"1,068",640,152.00
934,31,1,0,1,10,2,2,2,1,1,0,4,0,0,1,0,0,0,3,"1,521",912,207.00
935,32,1,3,2,9,4,3,4,2,2,0,4,0,0,0,0,0,0,5,"1,136",681,-538.00
936,23,0,0,1,30,2,4,3,2,1,1,4,0,0,0,0,0,1,3,"2,406","1,924",-1024.00
937,40,1,0,1,18,2,4,3,2,1,1,2,0,0,0,0,0,1,3,"3,001","2,700",699.00
938,52,3,1,2,6,4,4,2,1,1,0,4,0,0,1,0,0,0,1,362,253,41.00
939,27,3,0,2,9,2,2,3,2,1,0,3,0,0,1,0,0,0,6,"1,449","1,159",200.00
940,43,3,3,2,24,4,1,2,1,1,0,4,0,0,1,0,0,1,4,"1,516","1,061",172.00
941,28,2,2,3,12,4,2,3,2,1,0,4,0,0,1,1,0,1,1,939,751,-250.00
942,33,1,4,1,18,2,2,2,2,1,0,4,0,0,1,0,0,0,1,"1,042",729,-364.00
943,55,0,0,3,18,4,4,0,0,2,0,2,0,0,0,0,0,0,0,"1,190",833,-394.00
944,26,2,0,1,12,1,1,1,0,1,0,4,0,0,1,0,0,1,6,609,548,-349.00
945,61,1,3,2,15,3,3,2,2,1,0,3,0,1,1,0,0,0,0,"1,512",907,-338.00
946,32,3,0,1,18,2,2,1,2,1,0,3,0,0,1,1,0,0,4,"4,594","2,756",556.00
947,35,3,0,2,24,3,3,3,1,1,0,3,0,0,1,1,0,0,2,"4,679","3,275",604.00
948,44,0,0,2,15,4,4,4,2,2,0,4,0,0,1,1,0,0,3,"1,478",886,137.00
949,26,3,0,1,6,2,3,2,2,1,1,2,1,0,0,0,0,0,1,"3,518","3,518",1046.00
950,28,2,1,2,6,4,4,4,2,2,0,2,0,0,1,1,0,0,1,"1,323","1,058",166.00
951,45,3,1,1,39,2,2,4,3,1,0,4,0,0,1,1,0,0,2,"8,588","5,152",948.00
952,36,3,4,2,6,4,4,4,2,1,0,4,0,0,0,0,0,0,4,700,350,29.00
953,41,0,0,1,6,2,4,1,1,2,0,3,0,0,1,1,0,1,1,662,595,182.00
954,45,2,0,1,18,2,1,1,1,1,0,1,0,1,1,0,0,0,3,"3,049","3,049",902.00
955,35,3,4,2,48,4,1,3,2,1,0,2,0,0,0,1,0,0,2,"8,858","7,086",1010.00
956,31,1,0,2,18,4,2,1,1,1,0,2,0,0,1,0,0,1,3,"1,928","1,735",-849.00
957,31,0,0,1,48,2,2,2,2,1,0,3,0,0,1,1,0,0,4,"6,758","4,054",-1503.00
958,27,3,0,2,24,2,3,1,1,1,0,4,0,0,1,0,0,0,0,937,655,103.00
959,60,0,0,2,12,4,3,4,2,1,0,3,0,0,1,0,0,0,3,"2,246","1,572",-654.00
960,32,3,0,1,24,3,2,2,2,1,0,1,0,0,0,0,0,0,6,"3,863","3,476",975.00
961,45,3,4,1,15,2,4,4,2,2,0,4,0,1,0,0,0,0,2,"1,300",780,130.00
962,49,3,0,1,12,2,2,2,1,1,0,4,0,0,1,0,0,1,1,640,320,44.00
963,64,3,4,1,9,2,4,4,1,1,0,1,0,0,1,0,0,1,5,"3,832","1,916",323.00
964,26,0,0,2,42,3,2,3,2,2,0,3,0,1,1,1,0,0,4,"4,370","3,933",-1461.00
965,40,0,0,1,12,2,4,2,1,2,1,4,0,0,0,0,0,0,5,684,615,-487.00
966,41,1,0,1,18,4,1,4,2,1,0,2,0,0,1,1,0,0,3,"6,361","5,088",1098.00
967,47,2,0,1,30,4,4,4,2,1,0,4,0,0,1,0,0,0,4,"3,017","1,810",323.00
968,26,3,0,1,18,2,1,1,2,1,0,3,0,0,1,0,0,1,4,"1,453","1,162",293.00
969,31,0,3,1,12,2,3,2,2,2,0,1,0,0,1,0,0,0,1,"3,651","3,285",882.00
970,40,2,0,1,15,2,4,4,3,1,1,4,0,0,0,1,0,0,5,"1,905","1,143",208.00
971,37,1,0,1,9,2,2,2,1,2,0,2,0,0,1,0,0,1,4,"2,118","2,118",630.00
972,31,1,1,2,20,0,4,4,2,1,0,3,0,1,1,1,0,0,2,"6,148","4,918",809.00
973,36,2,3,2,24,4,4,2,2,1,0,2,0,0,1,1,0,1,6,"1,275",892,116.00
974,26,1,1,2,30,0,4,2,1,1,1,4,0,0,0,0,0,0,6,"4,280","2,568",-1974.00
975,33,3,0,1,15,2,2,3,2,1,0,2,0,0,1,0,0,0,2,"3,029","1,817",366.00
976,35,0,0,2,12,4,3,4,2,1,0,4,0,0,1,0,0,0,1,691,414,-225.00
977,63,3,0,2,12,4,4,4,1,1,0,2,0,0,1,1,0,1,4,"1,655","1,489",288.00
978,67,1,0,1,18,2,4,0,2,1,0,2,0,0,1,1,0,0,0,"3,872","3,872",1149.00
979,27,0,0,1,40,4,3,2,2,1,0,4,0,1,1,1,0,0,5,"5,998","4,198",-3572.00
980,35,1,4,1,9,2,2,1,0,1,0,4,0,0,1,0,0,1,1,"1,549",929,192.00
981,26,1,0,2,15,0,1,1,0,1,1,2,0,0,0,0,0,1,1,"1,778","1,066",-428.00
982,26,0,0,1,18,2,3,2,2,1,0,4,0,1,1,0,0,1,4,"1,345",807,-352.00
983,38,1,4,1,48,3,4,2,2,2,0,4,0,0,0,1,0,0,6,"6,681","6,012",1714.00
984,46,3,0,2,24,4,3,4,2,1,0,4,0,0,1,0,0,1,4,"2,611","2,349",482.00
985,57,0,0,1,12,2,4,4,1,1,0,4,0,1,1,0,0,1,4,709,425,-142.00
986,26,3,1,1,9,2,2,2,2,2,1,1,1,0,0,0,1,1,1,"3,577","2,146",481.00
987,24,0,0,1,12,2,4,4,2,1,1,4,0,0,0,0,0,0,3,652,456,112.00
988,36,3,4,2,30,4,3,3,2,1,0,2,0,0,1,0,0,0,4,"6,742","4,045",459.00
989,40,3,4,2,28,1,4,1,2,2,1,3,1,1,0,1,0,1,2,"7,824","7,041",1536.00
990,42,0,0,1,18,2,3,2,2,1,0,2,0,0,1,0,0,0,3,"4,153","3,322",-1278.00
991,33,1,4,1,9,2,2,2,1,1,0,1,0,0,1,0,0,1,1,"3,195","2,556",679.00
992,39,0,0,1,24,2,2,4,3,1,1,4,0,0,0,1,0,0,3,"3,345","2,676",-971.00
993,43,0,0,2,12,3,2,2,1,2,0,4,0,0,1,0,0,1,1,"1,344",940,158.00
994,46,3,4,2,24,4,4,2,3,2,0,2,0,0,1,1,0,0,2,"6,842","5,473",894.00
995,31,3,1,2,24,2,4,4,2,1,0,2,0,0,1,0,0,0,4,"3,621","3,258",-1327.00
996,30,1,1,1,24,2,4,4,2,1,0,4,0,0,0,0,0,0,3,"3,069","1,841",322.00
997,40,0,0,2,11,4,2,2,1,2,0,1,0,0,1,0,0,1,1,"3,939","2,363",324.00
998,25,1,1,1,15,1,2,2,2,1,1,2,0,0,0,0,0,0,1,"1,264",884,-286.00
999,48,1,0,2,24,4,2,4,1,1,0,4,0,0,1,0,0,0,4,"1,743","1,394",202.00
1000,27,1,1,1,45,4,4,0,2,1,0,3,0,0,1,0,0,0,2,"4,576","4,118",1200.00
